날짜,지역,확진자수
2020.03.02,서울,87
2020.03.02,부산,83
2020.03.02,대구,2704
2020.03.02,인천,6
2020.03.02,광주,9
2020.03.02,대전,13
2020.03.02,울산,20
2020.03.02,세종,1
2020.03.02,경기,89
2020.03.02,강원,15
2020.03.02,충북,11
2020.03.02,충남,68
2020.03.02,전북,6
2020.03.02,전남,3
2020.03.02,경북,556
2020.03.02,경남,63
2020.03.02,제주,2
2020.03.03,서울,98
2020.03.03,부산,90
2020.03.03,대구,3600
2020.03.03,인천,7
2020.03.03,광주,11
2020.03.03,대전,14
2020.03.03,울산,20
2020.03.03,세종,1
2020.03.03,경기,94
2020.03.03,강원,20
2020.03.03,충북,11
2020.03.03,충남,81
2020.03.03,전북,7
2020.03.03,전남,5
2020.03.03,경북,685
2020.03.03,경남,64
2020.03.03,제주,3
2020.03.04,서울,99
2020.03.04,부산,93
2020.03.04,대구,4006
2020.03.04,인천,9
2020.03.04,광주,13
2020.03.04,대전,15
2020.03.04,울산,23
2020.03.04,세종,1
2020.03.04,경기,101
2020.03.04,강원,21
2020.03.04,충북,11
2020.03.04,충남,82
2020.03.04,전북,7
2020.03.04,전남,5
2020.03.04,경북,774
2020.03.04,경남,65
2020.03.04,제주,3
2020.03.05,서울,103
2020.03.05,부산,92
2020.03.05,대구,4327
2020.03.05,인천,9
2020.03.05,광주,14
2020.03.05,대전,16
2020.03.05,울산,23
2020.03.05,세종,1
2020.03.05,경기,110
2020.03.05,강원,23
2020.03.05,충북,12
2020.03.05,충남,86
2020.03.05,전북,7
2020.03.05,전남,4
2020.03.05,경북,861
2020.03.05,경남,74
2020.03.05,제주,4
2020.03.06,서울,105
2020.03.06,부산,95
2020.03.06,대구,4694
2020.03.06,인천,9
2020.03.06,광주,13
2020.03.06,대전,18
2020.03.06,울산,23
2020.03.06,세종,1
2020.03.06,경기,120
2020.03.06,강원,25
2020.03.06,충북,15
2020.03.06,충남,90
2020.03.06,전북,7
2020.03.06,전남,4
2020.03.06,경북,984
2020.03.06,경남,77
2020.03.06,제주,4
2020.03.07,서울,108
2020.03.07,부산,96
2020.03.07,대구,5084
2020.03.07,인천,9
2020.03.07,광주,13
2020.03.07,대전,18
2020.03.07,울산,23
2020.03.07,세종,2
2020.03.07,경기,130
2020.03.07,강원,26
2020.03.07,충북,20
2020.03.07,충남,92
2020.03.07,전북,7
2020.03.07,전남,4
2020.03.07,경북,1049
2020.03.07,경남,82
2020.03.07,제주,4
2020.03.08,서울,120
2020.03.08,부산,97
2020.03.08,대구,5381
2020.03.08,인천,9
2020.03.08,광주,13
2020.03.08,대전,18
2020.03.08,울산,24
2020.03.08,세종,3
2020.03.08,경기,141
2020.03.08,강원,27
2020.03.08,충북,24
2020.03.08,충남,98
2020.03.08,전북,7
2020.03.08,전남,4
2020.03.08,경북,1081
2020.03.08,경남,83
2020.03.08,제주,4
2020.03.09,서울,130
2020.03.09,부산,96
2020.03.09,대구,5571
2020.03.09,인천,9
2020.03.09,광주,15
2020.03.09,대전,19
2020.03.09,울산,24
2020.03.09,세종,6
2020.03.09,경기,152
2020.03.09,강원,28
2020.03.09,충북,25
2020.03.09,충남,102
2020.03.09,전북,7
2020.03.09,전남,4
2020.03.09,경북,1107
2020.03.09,경남,83
2020.03.09,제주,4
2020.03.10,서울,141
2020.03.10,부산,96
2020.03.10,대구,5663
2020.03.10,인천,13
2020.03.10,광주,15
2020.03.10,대전,18
2020.03.10,울산,24
2020.03.10,세종,8
2020.03.10,경기,163
2020.03.10,강원,28
2020.03.10,충북,25
2020.03.10,충남,104
2020.03.10,전북,7
2020.03.10,전남,4
2020.03.10,경북,1117
2020.03.10,경남,83
2020.03.10,제주,4
2020.03.11,서울,193
2020.03.11,부산,98
2020.03.11,대구,5794
2020.03.11,인천,25
2020.03.11,광주,15
2020.03.11,대전,18
2020.03.11,울산,25
2020.03.11,세종,10
2020.03.11,경기,175
2020.03.11,강원,29
2020.03.11,충북,27
2020.03.11,충남,112
2020.03.11,전북,7
2020.03.11,전남,4
2020.03.11,경북,1135
2020.03.11,경남,84
2020.03.11,제주,4
2020.03.12,서울,212
2020.03.12,부산,99
2020.03.12,대구,5867
2020.03.12,인천,25
2020.03.12,광주,15
2020.03.12,대전,20
2020.03.12,울산,25
2020.03.12,세종,15
2020.03.12,경기,178
2020.03.12,강원,29
2020.03.12,충북,27
2020.03.12,충남,114
2020.03.12,전북,7
2020.03.12,전남,4
2020.03.12,경북,1143
2020.03.12,경남,85
2020.03.12,제주,4
2020.03.13,서울,225
2020.03.13,부산,100
2020.03.13,대구,5928
2020.03.13,인천,27
2020.03.13,광주,15
2020.03.13,대전,22
2020.03.13,울산,27
2020.03.13,세종,32
2020.03.13,경기,185
2020.03.13,강원,29
2020.03.13,충북,27
2020.03.13,충남,115
2020.03.13,전북,7
2020.03.13,전남,4
2020.03.13,경북,1147
2020.03.13,경남,85
2020.03.13,제주,4
2020.03.14,서울,238
2020.03.14,부산,103
2020.03.14,대구,5990
2020.03.14,인천,28
2020.03.14,광주,15
2020.03.14,대전,22
2020.03.14,울산,27
2020.03.14,세종,38
2020.03.14,경기,200
2020.03.14,강원,29
2020.03.14,충북,28
2020.03.14,충남,115
2020.03.14,전북,7
2020.03.14,전남,4
2020.03.14,경북,1153
2020.03.14,경남,85
2020.03.14,제주,4
2020.03.15,서울,247
2020.03.15,부산,106
2020.03.15,대구,6031
2020.03.15,인천,30
2020.03.15,광주,16
2020.03.15,대전,22
2020.03.15,울산,28
2020.03.15,세종,39
2020.03.15,경기,211
2020.03.15,강원,29
2020.03.15,충북,31
2020.03.15,충남,115
2020.03.15,전북,7
2020.03.15,전남,4
2020.03.15,경북,1157
2020.03.15,경남,85
2020.03.15,제주,4
2020.03.16,서울,253
2020.03.16,부산,107
2020.03.16,대구,6066
2020.03.16,인천,30
2020.03.16,광주,16
2020.03.16,대전,22
2020.03.16,울산,28
2020.03.16,세종,40
2020.03.16,경기,231
2020.03.16,강원,29
2020.03.16,충북,31
2020.03.16,충남,115
2020.03.16,전북,7
2020.03.16,전남,4
2020.03.16,경북,1164
2020.03.16,경남,85
2020.03.16,제주,4
2020.03.17,서울,265
2020.03.17,부산,107
2020.03.17,대구,6098
2020.03.17,인천,31
2020.03.17,광주,16
2020.03.17,대전,22
2020.03.17,울산,28
2020.03.17,세종,40
2020.03.17,경기,262
2020.03.17,강원,29
2020.03.17,충북,31
2020.03.17,충남,115
2020.03.17,전북,7
2020.03.17,전남,4
2020.03.17,경북,1169
2020.03.17,경남,86
2020.03.17,제주,4
2020.03.18,서울,270
2020.03.18,부산,107
2020.03.18,대구,6144
2020.03.18,인천,32
2020.03.18,광주,17
2020.03.18,대전,22
2020.03.18,울산,30
2020.03.18,세종,41
2020.03.18,경기,277
2020.03.18,강원,30
2020.03.18,충북,32
2020.03.18,충남,118
2020.03.18,전북,9
2020.03.18,전남,5
2020.03.18,경북,1178
2020.03.18,경남,86
2020.03.18,제주,4
2020.03.19,서울,282
2020.03.19,부산,107
2020.03.19,대구,6241
2020.03.19,인천,32
2020.03.19,광주,17
2020.03.19,대전,22
2020.03.19,울산,36
2020.03.19,세종,41
2020.03.19,경기,295
2020.03.19,강원,30
2020.03.19,충북,33
2020.03.19,충남,118
2020.03.19,전북,10
2020.03.19,전남,5
2020.03.19,경북,1190
2020.03.19,경남,86
2020.03.19,제주,4
2020.03.20,서울,299
2020.03.20,부산,108
2020.03.20,대구,6275
2020.03.20,인천,36
2020.03.20,광주,18
2020.03.20,대전,22
2020.03.20,울산,36
2020.03.20,세종,41
2020.03.20,경기,309
2020.03.20,강원,30
2020.03.20,충북,33
2020.03.20,충남,119
2020.03.20,전북,10
2020.03.20,전남,5
2020.03.20,경북,1203
2020.03.20,경남,87
2020.03.20,제주,4
2020.03.21,서울,314
2020.03.21,부산,108
2020.03.21,대구,6344
2020.03.21,인천,40
2020.03.21,광주,18
2020.03.21,대전,22
2020.03.21,울산,36
2020.03.21,세종,41
2020.03.21,경기,321
2020.03.21,강원,30
2020.03.21,충북,34
2020.03.21,충남,119
2020.03.21,전북,10
2020.03.21,전남,5
2020.03.21,경북,1243
2020.03.21,경남,87
2020.03.21,제주,4
2020.03.22,서울,324
2020.03.22,부산,108
2020.03.22,대구,6387
2020.03.22,인천,40
2020.03.22,광주,19
2020.03.22,대전,24
2020.03.22,울산,36
2020.03.22,세종,41
2020.03.22,경기,337
2020.03.22,강원,30
2020.03.22,충북,35
2020.03.22,충남,120
2020.03.22,전북,10
2020.03.22,전남,6
2020.03.22,경북,1254
2020.03.22,경남,88
2020.03.22,제주,4
2020.03.23,서울,330
2020.03.23,부산,109
2020.03.23,대구,6411
2020.03.23,인천,40
2020.03.23,광주,19
2020.03.23,대전,24
2020.03.23,울산,36
2020.03.23,세종,42
2020.03.23,경기,351
2020.03.23,강원,30
2020.03.23,충북,37
2020.03.23,충남,120
2020.03.23,전북,10
2020.03.23,전남,6
2020.03.23,경북,1256
2020.03.23,경남,89
2020.03.23,제주,4
2020.03.24,서울,334
2020.03.24,부산,111
2020.03.24,대구,6442
2020.03.24,인천,41
2020.03.24,광주,19
2020.03.24,대전,24
2020.03.24,울산,36
2020.03.24,세종,42
2020.03.24,경기,366
2020.03.24,강원,30
2020.03.24,충북,38
2020.03.24,충남,120
2020.03.24,전북,10
2020.03.24,전남,6
2020.03.24,경북,1257
2020.03.24,경남,90
2020.03.24,제주,4
2020.03.25,서울,347
2020.03.25,부산,112
2020.03.25,대구,6456
2020.03.25,인천,42
2020.03.25,광주,19
2020.03.25,대전,24
2020.03.25,울산,37
2020.03.25,세종,44
2020.03.25,경기,387
2020.03.25,강원,31
2020.03.25,충북,38
2020.03.25,충남,123
2020.03.25,전북,10
2020.03.25,전남,8
2020.03.25,경북,1262
2020.03.25,경남,90
2020.03.25,제주,6
2020.03.26,서울,360
2020.03.26,부산,112
2020.03.26,대구,6482
2020.03.26,인천,43
2020.03.26,광주,19
2020.03.26,대전,30
2020.03.26,울산,37
2020.03.26,세종,44
2020.03.26,경기,401
2020.03.26,강원,31
2020.03.26,충북,39
2020.03.26,충남,124
2020.03.26,전북,10
2020.03.26,전남,8
2020.03.26,경북,1274
2020.03.26,경남,90
2020.03.26,제주,6
2020.03.27,서울,372
2020.03.27,부산,113
2020.03.27,대구,6516
2020.03.27,인천,46
2020.03.27,광주,20
2020.03.27,대전,31
2020.03.27,울산,39
2020.03.27,세종,44
2020.03.27,경기,412
2020.03.27,강원,31
2020.03.27,충북,41
2020.03.27,충남,124
2020.03.27,전북,10
2020.03.27,전남,8
2020.03.27,경북,1283
2020.03.27,경남,91
2020.03.27,제주,7
2020.03.28,서울,390
2020.03.28,부산,114
2020.03.28,대구,6587
2020.03.28,인천,51
2020.03.28,광주,20
2020.03.28,대전,31
2020.03.28,울산,39
2020.03.28,세종,44
2020.03.28,경기,433
2020.03.28,강원,32
2020.03.28,충북,41
2020.03.28,충남,126
2020.03.28,전북,10
2020.03.28,전남,8
2020.03.28,경북,1285
2020.03.28,경남,91
2020.03.28,제주,8
2020.03.29,서울,410
2020.03.29,부산,117
2020.03.29,대구,6610
2020.03.29,인천,58
2020.03.29,광주,20
2020.03.29,대전,34
2020.03.29,울산,39
2020.03.29,세종,46
2020.03.29,경기,448
2020.03.29,강원,34
2020.03.29,충북,41
2020.03.29,충남,127
2020.03.29,전북,12
2020.03.29,전남,9
2020.03.29,경북,1287
2020.03.29,경남,94
2020.03.29,제주,8
2020.03.30,서울,426
2020.03.30,부산,118
2020.03.30,대구,6624
2020.03.30,인천,58
2020.03.30,광주,20
2020.03.30,대전,34
2020.03.30,울산,39
2020.03.30,세종,46
2020.03.30,경기,463
2020.03.30,강원,36
2020.03.30,충북,44
2020.03.30,충남,127
2020.03.30,전북,13
2020.03.30,전남,9
2020.03.30,경북,1298
2020.03.30,경남,95
2020.03.30,제주,9
2020.03.31,서울,450
2020.03.31,부산,119
2020.03.31,대구,6684
2020.03.31,인천,64
2020.03.31,광주,20
2020.03.31,대전,36
2020.03.31,울산,39
2020.03.31,세종,46
2020.03.31,경기,476
2020.03.31,강원,36
2020.03.31,충북,44
2020.03.31,충남,128
2020.03.31,전북,13
2020.03.31,전남,9
2020.03.31,경북,1300
2020.03.31,경남,96
2020.03.31,제주,9
2020.04.01,서울,474
2020.04.01,부산,122
2020.04.01,대구,6704
2020.04.01,인천,69
2020.04.01,광주,24
2020.04.01,대전,36
2020.04.01,울산,39
2020.04.01,세종,46
2020.04.01,경기,499
2020.04.01,강원,38
2020.04.01,충북,44
2020.04.01,충남,131
2020.04.01,전북,14
2020.04.01,전남,12
2020.04.01,경북,1302
2020.04.01,경남,100
2020.04.01,제주,9
2020.04.02,서울,488
2020.04.02,부산,122
2020.04.02,대구,6725
2020.04.02,인천,73
2020.04.02,광주,25
2020.04.02,대전,36
2020.04.02,울산,40
2020.04.02,세종,46
2020.04.02,경기,516
2020.04.02,강원,39
2020.04.02,충북,44
2020.04.02,충남,133
2020.04.02,전북,14
2020.04.02,전남,14
2020.04.02,경북,1304
2020.04.02,경남,106
2020.04.02,제주,9
2020.04.03,서울,506
2020.04.03,부산,122
2020.04.03,대구,6734
2020.04.03,인천,74
2020.04.03,광주,26
2020.04.03,대전,36
2020.04.03,울산,40
2020.04.03,세종,46
2020.04.03,경기,539
2020.04.03,강원,41
2020.04.03,충북,45
2020.04.03,충남,134
2020.04.03,전북,15
2020.04.03,전남,15
2020.04.03,경북,1309
2020.04.03,경남,107
2020.04.03,제주,9
2020.04.04,서울,528
2020.04.04,부산,122
2020.04.04,대구,6761
2020.04.04,인천,77
2020.04.04,광주,26
2020.04.04,대전,36
2020.04.04,울산,40
2020.04.04,세종,46
2020.04.04,경기,562
2020.04.04,강원,42
2020.04.04,충북,45
2020.04.04,충남,135
2020.04.04,전북,15
2020.04.04,전남,15
2020.04.04,경북,1310
2020.04.04,경남,108
2020.04.04,제주,9
2020.04.05,서울,552
2020.04.05,부산,122
2020.04.05,대구,6768
2020.04.05,인천,79
2020.04.05,광주,27
2020.04.05,대전,37
2020.04.05,울산,40
2020.04.05,세종,46
2020.04.05,경기,572
2020.04.05,강원,45
2020.04.05,충북,45
2020.04.05,충남,135
2020.04.05,전북,16
2020.04.05,전남,15
2020.04.05,경북,1314
2020.04.05,경남,109
2020.04.05,제주,12
2020.04.06,서울,563
2020.04.06,부산,122
2020.04.06,대구,6781
2020.04.06,인천,80
2020.04.06,광주,27
2020.04.06,대전,39
2020.04.06,울산,40
2020.04.06,세종,46
2020.04.06,경기,580
2020.04.06,강원,45
2020.04.06,충북,45
2020.04.06,충남,136
2020.04.06,전북,16
2020.04.06,전남,15
2020.04.06,경북,1316
2020.04.06,경남,111
2020.04.06,제주,12
2020.04.07,서울,567
2020.04.07,부산,123
2020.04.07,대구,6794
2020.04.07,인천,80
2020.04.07,광주,27
2020.04.07,대전,39
2020.04.07,울산,40
2020.04.07,세종,46
2020.04.07,경기,590
2020.04.07,강원,47
2020.04.07,충북,45
2020.04.07,충남,137
2020.04.07,전북,16
2020.04.07,전남,15
2020.04.07,경북,1317
2020.04.07,경남,112
2020.04.07,제주,12
2020.04.08,서울,578
2020.04.08,부산,125
2020.04.08,대구,6803
2020.04.08,인천,84
2020.04.08,광주,27
2020.04.08,대전,39
2020.04.08,울산,40
2020.04.08,세종,46
2020.04.08,경기,596
2020.04.08,강원,49
2020.04.08,충북,45
2020.04.08,충남,137
2020.04.08,전북,17
2020.04.08,전남,15
2020.04.08,경북,1320
2020.04.08,경남,113
2020.04.08,제주,12
2020.04.09,서울,590
2020.04.09,부산,125
2020.04.09,대구,6807
2020.04.09,인천,84
2020.04.09,광주,27
2020.04.09,대전,39
2020.04.09,울산,40
2020.04.09,세종,46
2020.04.09,경기,606
2020.04.09,강원,49
2020.04.09,충북,45
2020.04.09,충남,138
2020.04.09,전북,17
2020.04.09,전남,15
2020.04.09,경북,1320
2020.04.09,경남,115
2020.04.09,제주,12
2020.04.10,서울,595
2020.04.10,부산,126
2020.04.10,대구,6807
2020.04.10,인천,85
2020.04.10,광주,27
2020.04.10,대전,39
2020.04.10,울산,40
2020.04.10,세종,46
2020.04.10,경기,615
2020.04.10,강원,49
2020.04.10,충북,45
2020.04.10,충남,138
2020.04.10,전북,17
2020.04.10,전남,15
2020.04.10,경북,1327
2020.04.10,경남,115
2020.04.10,제주,12
2020.04.11,서울,599
2020.04.11,부산,126
2020.04.11,대구,6814
2020.04.11,인천,85
2020.04.11,광주,27
2020.04.11,대전,39
2020.04.11,울산,41
2020.04.11,세종,46
2020.04.11,경기,624
2020.04.11,강원,49
2020.04.11,충북,45
2020.04.11,충남,138
2020.04.11,전북,17
2020.04.11,전남,15
2020.04.11,경북,1330
2020.04.11,경남,115
2020.04.11,제주,12
2020.04.12,서울,602
2020.04.12,부산,126
2020.04.12,대구,6816
2020.04.12,인천,86
2020.04.12,광주,27
2020.04.12,대전,39
2020.04.12,울산,41
2020.04.12,세종,46
2020.04.12,경기,628
2020.04.12,강원,49
2020.04.12,충북,45
2020.04.12,충남,139
2020.04.12,전북,17
2020.04.12,전남,15
2020.04.12,경북,1333
2020.04.12,경남,115
2020.04.12,제주,12
2020.04.13,서울,610
2020.04.13,부산,126
2020.04.13,대구,6819
2020.04.13,인천,87
2020.04.13,광주,27
2020.04.13,대전,39
2020.04.13,울산,41
2020.04.13,세종,46
2020.04.13,경기,631
2020.04.13,강원,49
2020.04.13,충북,45
2020.04.13,충남,139
2020.04.13,전북,17
2020.04.13,전남,15
2020.04.13,경북,1337
2020.04.13,경남,115
2020.04.13,제주,12
2020.04.14,서울,612
2020.04.14,부산,126
2020.04.14,대구,6822
2020.04.14,인천,88
2020.04.14,광주,27
2020.04.14,대전,39
2020.04.14,울산,42
2020.04.14,세종,46
2020.04.14,경기,639
2020.04.14,강원,49
2020.04.14,충북,45
2020.04.14,충남,139
2020.04.14,전북,17
2020.04.14,전남,15
2020.04.14,경북,1342
2020.04.14,경남,115
2020.04.14,제주,12
2020.04.15,서울,617
2020.04.15,부산,127
2020.04.15,대구,6823
2020.04.15,인천,88
2020.04.15,광주,28
2020.04.15,대전,39
2020.04.15,울산,42
2020.04.15,세종,46
2020.04.15,경기,645
2020.04.15,강원,51
2020.04.15,충북,45
2020.04.15,충남,139
2020.04.15,전북,17
2020.04.15,전남,15
2020.04.15,경북,1348
2020.04.15,경남,115
2020.04.15,제주,13
2020.04.16,서울,619
2020.04.16,부산,130
2020.04.16,대구,6827
2020.04.16,인천,88
2020.04.16,광주,28
2020.04.16,대전,39
2020.04.16,울산,42
2020.04.16,세종,46
2020.04.16,경기,649
2020.04.16,강원,52
2020.04.16,충북,45
2020.04.16,충남,139
2020.04.16,전북,17
2020.04.16,전남,15
2020.04.16,경북,1352
2020.04.16,경남,115
2020.04.16,제주,13
2020.04.17,서울,621
2020.04.17,부산,130
2020.04.17,대구,6827
2020.04.17,인천,89
2020.04.17,광주,30
2020.04.17,대전,40
2020.04.17,울산,42
2020.04.17,세종,46
2020.04.17,경기,650
2020.04.17,강원,52
2020.04.17,충북,45
2020.04.17,충남,139
2020.04.17,전북,17
2020.04.17,전남,15
2020.04.17,경북,1356
2020.04.17,경남,115
2020.04.17,제주,13
2020.04.18,서울,622
2020.04.18,부산,130
2020.04.18,대구,6830
2020.04.18,인천,90
2020.04.18,광주,30
2020.04.18,대전,39
2020.04.18,울산,42
2020.04.18,세종,46
2020.04.18,경기,654
2020.04.18,강원,53
2020.04.18,충북,45
2020.04.18,충남,141
2020.04.18,전북,17
2020.04.18,전남,15
2020.04.18,경북,1358
2020.04.18,경남,116
2020.04.18,제주,13
2020.04.19,서울,624
2020.04.19,부산,130
2020.04.19,대구,6832
2020.04.19,인천,91
2020.04.19,광주,30
2020.04.19,대전,39
2020.04.19,울산,42
2020.04.19,세종,46
2020.04.19,경기,654
2020.04.19,강원,53
2020.04.19,충북,45
2020.04.19,충남,141
2020.04.19,전북,17
2020.04.19,전남,15
2020.04.19,경북,1359
2020.04.19,경남,116
2020.04.19,제주,13
2020.04.20,서울,624
2020.04.20,부산,132
2020.04.20,대구,6833
2020.04.20,인천,92
2020.04.20,광주,30
2020.04.20,대전,39
2020.04.20,울산,43
2020.04.20,세종,46
2020.04.20,경기,656
2020.04.20,강원,53
2020.04.20,충북,45
2020.04.20,충남,141
2020.04.20,전북,17
2020.04.20,전남,15
2020.04.20,경북,1361
2020.04.20,경남,116
2020.04.20,제주,13
2020.04.21,서울,626
2020.04.21,부산,132
2020.04.21,대구,6835
2020.04.21,인천,92
2020.04.21,광주,30
2020.04.21,대전,39
2020.04.21,울산,43
2020.04.21,세종,46
2020.04.21,경기,658
2020.04.21,강원,53
2020.04.21,충북,45
2020.04.21,충남,141
2020.04.21,전북,17
2020.04.21,전남,15
2020.04.21,경북,1361
2020.04.21,경남,116
2020.04.21,제주,13
2020.04.22,서울,628
2020.04.22,부산,134
2020.04.22,대구,6836
2020.04.22,인천,92
2020.04.22,광주,30
2020.04.22,대전,40
2020.04.22,울산,43
2020.04.22,세종,46
2020.04.22,경기,658
2020.04.22,강원,53
2020.04.22,충북,45
2020.04.22,충남,141
2020.04.22,전북,17
2020.04.22,전남,15
2020.04.22,경북,1363
2020.04.22,경남,117
2020.04.22,제주,13
2020.04.23,서울,628
2020.04.23,부산,135
2020.04.23,대구,6840
2020.04.23,인천,92
2020.04.23,광주,30
2020.04.23,대전,40
2020.04.23,울산,43
2020.04.23,세종,46
2020.04.23,경기,659
2020.04.23,강원,53
2020.04.23,충북,45
2020.04.23,충남,141
2020.04.23,전북,17
2020.04.23,전남,15
2020.04.23,경북,1363
2020.04.23,경남,117
2020.04.23,제주,13
2020.04.24,서울,628
2020.04.24,부산,136
2020.04.24,대구,6842
2020.04.24,인천,92
2020.04.24,광주,30
2020.04.24,대전,40
2020.04.24,울산,43
2020.04.24,세종,46
2020.04.24,경기,660
2020.04.24,강원,53
2020.04.24,충북,45
2020.04.24,충남,141
2020.04.24,전북,17
2020.04.24,전남,15
2020.04.24,경북,1364
2020.04.24,경남,117
2020.04.24,제주,13
2020.04.25,서울,629
2020.04.25,부산,136
2020.04.25,대구,6845
2020.04.25,인천,92
2020.04.25,광주,30
2020.04.25,대전,40
2020.04.25,울산,43
2020.04.25,세종,46
2020.04.25,경기,662
2020.04.25,강원,53
2020.04.25,충북,45
2020.04.25,충남,141
2020.04.25,전북,17
2020.04.25,전남,15
2020.04.25,경북,1364
2020.04.25,경남,117
2020.04.25,제주,13
2020.04.26,서울,629
2020.04.26,부산,137
2020.04.26,대구,6846
2020.04.26,인천,92
2020.04.26,광주,30
2020.04.26,대전,40
2020.04.26,울산,43
2020.04.26,세종,46
2020.04.26,경기,668
2020.04.26,강원,53
2020.04.26,충북,45
2020.04.26,충남,141
2020.04.26,전북,18
2020.04.26,전남,15
2020.04.26,경북,1364
2020.04.26,경남,117
2020.04.26,제주,13
2020.04.27,서울,629
2020.04.27,부산,137
2020.04.27,대구,6847
2020.04.27,인천,92
2020.04.27,광주,30
2020.04.27,대전,40
2020.04.27,울산,43
2020.04.27,세종,46
2020.04.27,경기,671
2020.04.27,강원,53
2020.04.27,충북,45
2020.04.27,충남,142
2020.04.27,전북,18
2020.04.27,전남,15
2020.04.27,경북,1364
2020.04.27,경남,117
2020.04.27,제주,13
2020.04.28,서울,633
2020.04.28,부산,137
2020.04.28,대구,6849
2020.04.28,인천,93
2020.04.28,광주,30
2020.04.28,대전,40
2020.04.28,울산,43
2020.04.28,세종,46
2020.04.28,경기,674
2020.04.28,강원,53
2020.04.28,충북,45
2020.04.28,충남,142
2020.04.28,전북,18
2020.04.28,전남,15
2020.04.28,경북,1365
2020.04.28,경남,117
2020.04.28,제주,13
2020.04.29,서울,633
2020.04.29,부산,137
2020.04.29,대구,6852
2020.04.29,인천,93
2020.04.29,광주,30
2020.04.29,대전,40
2020.04.29,울산,43
2020.04.29,세종,46
2020.04.29,경기,676
2020.04.29,강원,53
2020.04.29,충북,45
2020.04.29,충남,143
2020.04.29,전북,18
2020.04.29,전남,15
2020.04.29,경북,1365
2020.04.29,경남,117
2020.04.29,제주,13
2020.04.30,서울,633
2020.04.30,부산,137
2020.04.30,대구,6852
2020.04.30,인천,93
2020.04.30,광주,30
2020.04.30,대전,40
2020.04.30,울산,43
2020.04.30,세종,46
2020.04.30,경기,676
2020.04.30,강원,53
2020.04.30,충북,45
2020.04.30,충남,143
2020.04.30,전북,18
2020.04.30,전남,15
2020.04.30,경북,1365
2020.04.30,경남,117
2020.04.30,제주,13
2020.05.01,서울,634
2020.05.01,부산,137
2020.05.01,대구,6852
2020.05.01,인천,94
2020.05.01,광주,30
2020.05.01,대전,40
2020.05.01,울산,43
2020.05.01,세종,46
2020.05.01,경기,678
2020.05.01,강원,53
2020.05.01,충북,45
2020.05.01,충남,143
2020.05.01,전북,18
2020.05.01,전남,15
2020.05.01,경북,1366
2020.05.01,경남,117
2020.05.01,제주,13
2020.05.02,서울,635
2020.05.02,부산,138
2020.05.02,대구,6852
2020.05.02,인천,95
2020.05.02,광주,30
2020.05.02,대전,40
2020.05.02,울산,43
2020.05.02,세종,46
2020.05.02,경기,678
2020.05.02,강원,53
2020.05.02,충북,45
2020.05.02,충남,143
2020.05.02,전북,18
2020.05.02,전남,15
2020.05.02,경북,1366
2020.05.02,경남,117
2020.05.02,제주,13
2020.05.03,서울,637
2020.05.03,부산,138
2020.05.03,대구,6856
2020.05.03,인천,95
2020.05.03,광주,30
2020.05.03,대전,40
2020.05.03,울산,43
2020.05.03,세종,46
2020.05.03,경기,680
2020.05.03,강원,53
2020.05.03,충북,45
2020.05.03,충남,143
2020.05.03,전북,18
2020.05.03,전남,15
2020.05.03,경북,1366
2020.05.03,경남,117
2020.05.03,제주,13
2020.05.04,서울,637
2020.05.04,부산,138
2020.05.04,대구,6856
2020.05.04,인천,96
2020.05.04,광주,30
2020.05.04,대전,40
2020.05.04,울산,44
2020.05.04,세종,46
2020.05.04,경기,681
2020.05.04,강원,53
2020.05.04,충북,45
2020.05.04,충남,143
2020.05.04,전북,18
2020.05.04,전남,16
2020.05.04,경북,1366
2020.05.04,경남,117
2020.05.04,제주,13
2020.05.05,서울,637
2020.05.05,부산,138
2020.05.05,대구,6856
2020.05.05,인천,97
2020.05.05,광주,30
2020.05.05,대전,40
2020.05.05,울산,44
2020.05.05,세종,46
2020.05.05,경기,681
2020.05.05,강원,53
2020.05.05,충북,45
2020.05.05,충남,143
2020.05.05,전북,18
2020.05.05,전남,16
2020.05.05,경북,1366
2020.05.05,경남,117
2020.05.05,제주,13
2020.05.06,서울,637
2020.05.06,부산,138
2020.05.06,대구,6856
2020.05.06,인천,97
2020.05.06,광주,30
2020.05.06,대전,40
2020.05.06,울산,44
2020.05.06,세종,46
2020.05.06,경기,681
2020.05.06,강원,53
2020.05.06,충북,45
2020.05.06,충남,143
2020.05.06,전북,18
2020.05.06,전남,16
2020.05.06,경북,1366
2020.05.06,경남,117
2020.05.06,제주,13
2020.05.07,서울,637
2020.05.07,부산,138
2020.05.07,대구,6856
2020.05.07,인천,97
2020.05.07,광주,30
2020.05.07,대전,41
2020.05.07,울산,44
2020.05.07,세종,46
2020.05.07,경기,682
2020.05.07,강원,53
2020.05.07,충북,46
2020.05.07,충남,143
2020.05.07,전북,18
2020.05.07,전남,16
2020.05.07,경북,1366
2020.05.07,경남,117
2020.05.07,제주,13
2020.05.08,서울,637
2020.05.08,부산,140
2020.05.08,대구,6859
2020.05.08,인천,97
2020.05.08,광주,30
2020.05.08,대전,41
2020.05.08,울산,44
2020.05.08,세종,46
2020.05.08,경기,684
2020.05.08,강원,53
2020.05.08,충북,47
2020.05.08,충남,143
2020.05.08,전북,19
2020.05.08,전남,16
2020.05.08,경북,1366
2020.05.08,경남,117
2020.05.08,제주,13
2020.05.09,서울,649
2020.05.09,부산,141
2020.05.09,대구,6859
2020.05.09,인천,98
2020.05.09,광주,30
2020.05.09,대전,41
2020.05.09,울산,44
2020.05.09,세종,46
2020.05.09,경기,688
2020.05.09,강원,53
2020.05.09,충북,47
2020.05.09,충남,143
2020.05.09,전북,19
2020.05.09,전남,16
2020.05.09,경북,1366
2020.05.09,경남,117
2020.05.09,제주,13
2020.05.10,서울,663
2020.05.10,부산,141
2020.05.10,대구,6861
2020.05.10,인천,101
2020.05.10,광주,30
2020.05.10,대전,41
2020.05.10,울산,44
2020.05.10,세종,46
2020.05.10,경기,694
2020.05.10,강원,53
2020.05.10,충북,49
2020.05.10,충남,143
2020.05.10,전북,19
2020.05.10,전남,16
2020.05.10,경북,1366
2020.05.10,경남,117
2020.05.10,제주,14
2020.05.11,서울,683
2020.05.11,부산,141
2020.05.11,대구,6861
2020.05.11,인천,104
2020.05.11,광주,30
2020.05.11,대전,41
2020.05.11,울산,44
2020.05.11,세종,47
2020.05.11,경기,698
2020.05.11,강원,54
2020.05.11,충북,52
2020.05.11,충남,143
2020.05.11,전북,19
2020.05.11,전남,16
2020.05.11,경북,1366
2020.05.11,경남,117
2020.05.11,제주,14
2020.05.12,서울,695
2020.05.12,부산,141
2020.05.12,대구,6862
2020.05.12,인천,105
2020.05.12,광주,30
2020.05.12,대전,43
2020.05.12,울산,44
2020.05.12,세종,47
2020.05.12,경기,706
2020.05.12,강원,54
2020.05.12,충북,52
2020.05.12,충남,143
2020.05.12,전북,19
2020.05.12,전남,16
2020.05.12,경북,1367
2020.05.12,경남,118
2020.05.12,제주,14
2020.05.13,서울,707
2020.05.13,부산,144
2020.05.13,대구,6865
2020.05.13,인천,107
2020.05.13,광주,30
2020.05.13,대전,43
2020.05.13,울산,45
2020.05.13,세종,47
2020.05.13,경기,708
2020.05.13,강원,54
2020.05.13,충북,52
2020.05.13,충남,143
2020.05.13,전북,20
2020.05.13,전남,16
2020.05.13,경북,1367
2020.05.13,경남,119
2020.05.13,제주,14
2020.05.14,서울,711
2020.05.14,부산,144
2020.05.14,대구,6865
2020.05.14,인천,119
2020.05.14,광주,30
2020.05.14,대전,43
2020.05.14,울산,45
2020.05.14,세종,47
2020.05.14,경기,714
2020.05.14,강원,55
2020.05.14,충북,55
2020.05.14,충남,144
2020.05.14,전북,20
2020.05.14,전남,17
2020.05.14,경북,1368
2020.05.14,경남,119
2020.05.14,제주,14
2020.05.15,서울,725
2020.05.15,부산,144
2020.05.15,대구,6868
2020.05.15,인천,124
2020.05.15,광주,30
2020.05.15,대전,43
2020.05.15,울산,45
2020.05.15,세종,47
2020.05.15,경기,717
2020.05.15,강원,55
2020.05.15,충북,55
2020.05.15,충남,144
2020.05.15,전북,20
2020.05.15,전남,18
2020.05.15,경북,1368
2020.05.15,경남,119
2020.05.15,제주,14
2020.05.16,서울,730
2020.05.16,부산,114
2020.05.16,대구,6869
2020.05.16,인천,124
2020.05.16,광주,30
2020.05.16,대전,43
2020.05.16,울산,45
2020.05.16,세종,47
2020.05.16,경기,721
2020.05.16,강원,55
2020.05.16,충북,56
2020.05.16,충남,144
2020.05.16,전북,20
2020.05.16,전남,18
2020.05.16,경북,1368
2020.05.16,경남,119
2020.05.16,제주,14
2020.05.17,서울,735
2020.05.17,부산,144
2020.05.17,대구,6870
2020.05.17,인천,124
2020.05.17,광주,30
2020.05.17,대전,44
2020.05.17,울산,45
2020.05.17,세종,47
2020.05.17,경기,721
2020.05.17,강원,55
2020.05.17,충북,56
2020.05.17,충남,144
2020.05.17,전북,20
2020.05.17,전남,18
2020.05.17,경북,1368
2020.05.17,경남,121
2020.05.17,제주,14
2020.05.18,서울,736
2020.05.18,부산,144
2020.05.18,대구,6871
2020.05.18,인천,124
2020.05.18,광주,30
2020.05.18,대전,44
2020.05.18,울산,45
2020.05.18,세종,47
2020.05.18,경기,724
2020.05.18,강원,55
2020.05.18,충북,59
2020.05.18,충남,144
2020.05.18,전북,20
2020.05.18,전남,18
2020.05.18,경북,1368
2020.05.18,경남,121
2020.05.18,제주,14
2020.05.19,서울,742
2020.05.19,부산,144
2020.05.19,대구,6871
2020.05.19,인천,126
2020.05.19,광주,30
2020.05.19,대전,44
2020.05.19,울산,49
2020.05.19,세종,47
2020.05.19,경기,725
2020.05.19,강원,55
2020.05.19,충북,59
2020.05.19,충남,144
2020.05.19,전북,20
2020.05.19,전남,18
2020.05.19,경북,1368
2020.05.19,경남,121
2020.05.19,제주,14
2020.05.20,서울,752
2020.05.20,부산,144
2020.05.20,대구,6872
2020.05.20,인천,134
2020.05.20,광주,30
2020.05.20,대전,44
2020.05.20,울산,49
2020.05.20,세종,47
2020.05.20,경기,735
2020.05.20,강원,55
2020.05.20,충북,59
2020.05.20,충남,144
2020.05.20,전북,21
2020.05.20,전남,18
2020.05.20,경북,1368
2020.05.20,경남,121
2020.05.20,제주,14
2020.05.21,서울,756
2020.05.21,부산,144
2020.05.21,대구,6872
2020.05.21,인천,140
2020.05.21,광주,30
2020.05.21,대전,44
2020.05.21,울산,49
2020.05.21,세종,47
2020.05.21,경기,735
2020.05.21,강원,55
2020.05.21,충북,59
2020.05.21,충남,145
2020.05.21,전북,21
2020.05.21,전남,18
2020.05.21,경북,1368
2020.05.21,경남,121
2020.05.21,제주,14
2020.05.22,서울,758
2020.05.22,부산,144
2020.05.22,대구,6872
2020.05.22,인천,141
2020.05.22,광주,30
2020.05.22,대전,44
2020.05.22,울산,50
2020.05.22,세종,47
2020.05.22,경기,741
2020.05.22,강원,55
2020.05.22,충북,59
2020.05.22,충남,145
2020.05.22,전북,21
2020.05.22,전남,18
2020.05.22,경북,1370
2020.05.22,경남,122
2020.05.22,제주,14
2020.05.23,서울,762
2020.05.23,부산,144
2020.05.23,대구,6873
2020.05.23,인천,141
2020.05.23,광주,30
2020.05.23,대전,45
2020.05.23,울산,50
2020.05.23,세종,47
2020.05.23,경기,754
2020.05.23,강원,55
2020.05.23,충북,59
2020.05.23,충남,145
2020.05.23,전북,21
2020.05.23,전남,18
2020.05.23,경북,1370
2020.05.23,경남,123
2020.05.23,제주,14
2020.05.24,서울,768
2020.05.24,부산,144
2020.05.24,대구,6873
2020.05.24,인천,143
2020.05.24,광주,30
2020.05.24,대전,45
2020.05.24,울산,50
2020.05.24,세종,47
2020.05.24,경기,760
2020.05.24,강원,56
2020.05.24,충북,59
2020.05.24,충남,145
2020.05.24,전북,21
2020.05.24,전남,18
2020.05.24,경북,1376
2020.05.24,경남,123
2020.05.24,제주,14
2020.05.25,서울,774
2020.05.25,부산,144
2020.05.25,대구,6874
2020.05.25,인천,144
2020.05.25,광주,30
2020.05.25,대전,45
2020.05.25,울산,50
2020.05.25,세종,47
2020.05.25,경기,766
2020.05.25,강원,56
2020.05.25,충북,59
2020.05.25,충남,145
2020.05.25,전북,21
2020.05.25,전남,18
2020.05.25,경북,1377
2020.05.25,경남,123
2020.05.25,제주,14
2020.05.26,서울,783
2020.05.26,부산,144
2020.05.26,대구,6875
2020.05.26,인천,147
2020.05.26,광주,30
2020.05.26,대전,45
2020.05.26,울산,50
2020.05.26,세종,47
2020.05.26,경기,768
2020.05.26,강원,56
2020.05.26,충북,60
2020.05.26,충남,145
2020.05.26,전북,21
2020.05.26,전남,18
2020.05.26,경북,1378
2020.05.26,경남,123
2020.05.26,제주,14
2020.05.27,서울,802
2020.05.27,부산,144
2020.05.27,대구,6878
2020.05.27,인천,158
2020.05.27,광주,30
2020.05.27,대전,45
2020.05.27,울산,50
2020.05.27,세종,47
2020.05.27,경기,774
2020.05.27,강원,56
2020.05.27,충북,60
2020.05.27,충남,145
2020.05.27,전북,21
2020.05.27,전남,18
2020.05.27,경북,1378
2020.05.27,경남,123
2020.05.27,제주,14
2020.05.28,서울,826
2020.05.28,부산,145
2020.05.28,대구,6880
2020.05.28,인천,180
2020.05.28,광주,30
2020.05.28,대전,45
2020.05.28,울산,50
2020.05.28,세종,47
2020.05.28,경기,795
2020.05.28,강원,56
2020.05.28,충북,60
2020.05.28,충남,146
2020.05.28,전북,21
2020.05.28,전남,18
2020.05.28,경북,1379
2020.05.28,경남,123
2020.05.28,제주,14
2020.05.29,서울,846
2020.05.29,부산,145
2020.05.29,대구,6880
2020.05.29,인천,198
2020.05.29,광주,30
2020.05.29,대전,45
2020.05.29,울산,50
2020.05.29,세종,47
2020.05.29,경기,815
2020.05.29,강원,56
2020.05.29,충북,60
2020.05.29,충남,146
2020.05.29,전북,21
2020.05.29,전남,18
2020.05.29,경북,1379
2020.05.29,경남,123
2020.05.29,제주,14
2020.05.30,서울,855
2020.05.30,부산,146
2020.05.30,대구,6882
2020.05.30,인천,203
2020.05.30,광주,32
2020.05.30,대전,45
2020.05.30,울산,50
2020.05.30,세종,47
2020.05.30,경기,828
2020.05.30,강원,57
2020.05.30,충북,60
2020.05.30,충남,146
2020.05.30,전북,21
2020.05.30,전남,19
2020.05.30,경북,1379
2020.05.30,경남,123
2020.05.30,제주,14
2020.05.31,서울,861
2020.05.31,부산,147
2020.05.31,대구,6883
2020.05.31,인천,206
2020.05.31,광주,32
2020.05.31,대전,46
2020.05.31,울산,52
2020.05.31,세종,47
2020.05.31,경기,840
2020.05.31,강원,57
2020.05.31,충북,60
2020.05.31,충남,146
2020.05.31,전북,21
2020.05.31,전남,19
2020.05.31,경북,1379
2020.05.31,경남,123
2020.05.31,제주,15
2020.06.01,서울,862
2020.06.01,부산,147
2020.06.01,대구,6884
2020.06.01,인천,224
2020.06.01,광주,32
2020.06.01,대전,46
2020.06.01,울산,52
2020.06.01,세종,47
2020.06.01,경기,852
2020.06.01,강원,57
2020.06.01,충북,60
2020.06.01,충남,146
2020.06.01,전북,21
2020.06.01,전남,20
2020.06.01,경북,1379
2020.06.01,경남,123
2020.06.01,제주,15
2020.06.02,서울,876
2020.06.02,부산,147
2020.06.02,대구,6884
2020.06.02,인천,232
2020.06.02,광주,32
2020.06.02,대전,46
2020.06.02,울산,52
2020.06.02,세종,47
2020.06.02,경기,867
2020.06.02,강원,57
2020.06.02,충북,60
2020.06.02,충남,146
2020.06.02,전북,21
2020.06.02,전남,20
2020.06.02,경북,1379
2020.06.02,경남,123
2020.06.02,제주,15
2020.06.03,서울,895
2020.06.03,부산,147
2020.06.03,대구,6885
2020.06.03,인천,249
2020.06.03,광주,32
2020.06.03,대전,46
2020.06.03,울산,52
2020.06.03,세종,47
2020.06.03,경기,879
2020.06.03,강원,57
2020.06.03,충북,60
2020.06.03,충남,146
2020.06.03,전북,21
2020.06.03,전남,20
2020.06.03,경북,1379
2020.06.03,경남,123
2020.06.03,제주,15
2020.06.04,서울,909
2020.06.04,부산,147
2020.06.04,대구,6885
2020.06.04,인천,256
2020.06.04,광주,32
2020.06.04,대전,46
2020.06.04,울산,52
2020.06.04,세종,47
2020.06.04,경기,894
2020.06.04,강원,57
2020.06.04,충북,60
2020.06.04,충남,146
2020.06.04,전북,21
2020.06.04,전남,20
2020.06.04,경북,1380
2020.06.04,경남,123
2020.06.04,제주,15
2020.06.05,서울,924
2020.06.05,부산,147
2020.06.05,대구,6886
2020.06.05,인천,262
2020.06.05,광주,32
2020.06.05,대전,46
2020.06.05,울산,52
2020.06.05,세종,47
2020.06.05,경기,907
2020.06.05,강원,57
2020.06.05,충북,60
2020.06.05,충남,147
2020.06.05,전북,21
2020.06.05,전남,20
2020.06.05,경북,1382
2020.06.05,경남,123
2020.06.05,제주,15
2020.06.06,서울,947
2020.06.06,부산,147
2020.06.06,대구,6886
2020.06.06,인천,273
2020.06.06,광주,32
2020.06.06,대전,46
2020.06.06,울산,52
2020.06.06,세종,47
2020.06.06,경기,915
2020.06.06,강원,58
2020.06.06,충북,60
2020.06.06,충남,148
2020.06.06,전북,21
2020.06.06,전남,20
2020.06.06,경북,1383
2020.06.06,경남,124
2020.06.06,제주,15
2020.06.07,서울,974
2020.06.07,부산,147
2020.06.07,대구,6887
2020.06.07,인천,279
2020.06.07,광주,32
2020.06.07,대전,46
2020.06.07,울산,53
2020.06.07,세종,47
2020.06.07,경기,934
2020.06.07,강원,58
2020.06.07,충북,61
2020.06.07,충남,148
2020.06.07,전북,21
2020.06.07,전남,20
2020.06.07,경북,1383
2020.06.07,경남,124
2020.06.07,제주,15
2020.06.08,서울,996
2020.06.08,부산,147
2020.06.08,대구,6888
2020.06.08,인천,283
2020.06.08,광주,32
2020.06.08,대전,46
2020.06.08,울산,53
2020.06.08,세종,47
2020.06.08,경기,942
2020.06.08,강원,58
2020.06.08,충북,61
2020.06.08,충남,148
2020.06.08,전북,21
2020.06.08,전남,20
2020.06.08,경북,1383
2020.06.08,경남,124
2020.06.08,제주,15
2020.06.09,서울,1015
2020.06.09,부산,147
2020.06.09,대구,6888
2020.06.09,인천,286
2020.06.09,광주,32
2020.06.09,대전,46
2020.06.09,울산,53
2020.06.09,세종,47
2020.06.09,경기,955
2020.06.09,강원,58
2020.06.09,충북,61
2020.06.09,충남,150
2020.06.09,전북,21
2020.06.09,전남,20
2020.06.09,경북,1383
2020.06.09,경남,125
2020.06.09,제주,15
2020.06.10,서울,1027
2020.06.10,부산,147
2020.06.10,대구,6888
2020.06.10,인천,294
2020.06.10,광주,32
2020.06.10,대전,46
2020.06.10,울산,53
2020.06.10,세종,47
2020.06.10,경기,976
2020.06.10,강원,59
2020.06.10,충북,61
2020.06.10,충남,150
2020.06.10,전북,21
2020.06.10,전남,20
2020.06.10,경북,1383
2020.06.10,경남,127
2020.06.10,제주,15
2020.06.11,서울,1048
2020.06.11,부산,147
2020.06.11,대구,6888
2020.06.11,인천,300
2020.06.11,광주,32
2020.06.11,대전,46
2020.06.11,울산,53
2020.06.11,세종,47
2020.06.11,경기,992
2020.06.11,강원,59
2020.06.11,충북,61
2020.06.11,충남,150
2020.06.11,전북,21
2020.06.11,전남,20
2020.06.11,경북,1383
2020.06.11,경남,127
2020.06.11,제주,15
2020.06.12,서울,1073
2020.06.12,부산,147
2020.06.12,대구,6889
2020.06.12,인천,301
2020.06.12,광주,32
2020.06.12,대전,46
2020.06.12,울산,53
2020.06.12,세종,47
2020.06.12,경기,1011
2020.06.12,강원,59
2020.06.12,충북,61
2020.06.12,충남,150
2020.06.12,전북,21
2020.06.12,전남,20
2020.06.12,경북,1383
2020.06.12,경남,127
2020.06.12,제주,15
2020.06.13,서울,1101
2020.06.13,부산,147
2020.06.13,대구,6892
2020.06.13,인천,302
2020.06.13,광주,32
2020.06.13,대전,46
2020.06.13,울산,53
2020.06.13,세종,47
2020.06.13,경기,1025
2020.06.13,강원,59
2020.06.13,충북,61
2020.06.13,충남,151
2020.06.13,전북,21
2020.06.13,전남,20
2020.06.13,경북,1383
2020.06.13,경남,127
2020.06.13,제주,15
2020.06.14,서울,1113
2020.06.14,부산,147
2020.06.14,대구,6894
2020.06.14,인천,310
2020.06.14,광주,32
2020.06.14,대전,46
2020.06.14,울산,53
2020.06.14,세종,47
2020.06.14,경기,1035
2020.06.14,강원,60
2020.06.14,충북,61
2020.06.14,충남,151
2020.06.14,전북,21
2020.06.14,전남,20
2020.06.14,경북,1383
2020.06.14,경남,127
2020.06.14,제주,15
2020.06.15,서울,1120
2020.06.15,부산,147
2020.06.15,대구,6894
2020.06.15,인천,318
2020.06.15,광주,32
2020.06.15,대전,46
2020.06.15,울산,53
2020.06.15,세종,47
2020.06.15,경기,1045
2020.06.15,강원,60
2020.06.15,충북,61
2020.06.15,충남,152
2020.06.15,전북,21
2020.06.15,전남,20
2020.06.15,경북,1383
2020.06.15,경남,130
2020.06.15,제주,15
2020.06.16,서울,1132
2020.06.16,부산,148
2020.06.16,대구,6894
2020.06.16,인천,320
2020.06.16,광주,32
2020.06.16,대전,49
2020.06.16,울산,53
2020.06.16,세종,47
2020.06.16,경기,1050
2020.06.16,강원,60
2020.06.16,충북,61
2020.06.16,충남,152
2020.06.16,전북,21
2020.06.16,전남,20
2020.06.16,경북,1383
2020.06.16,경남,132
2020.06.16,제주,15
2020.06.17,서울,1145
2020.06.17,부산,148
2020.06.17,대구,6895
2020.06.17,인천,322
2020.06.17,광주,32
2020.06.17,대전,54
2020.06.17,울산,53
2020.06.17,세종,47
2020.06.17,경기,1063
2020.06.17,강원,60
2020.06.17,충북,61
2020.06.17,충남,153
2020.06.17,전북,21
2020.06.17,전남,20
2020.06.17,경북,1383
2020.06.17,경남,132
2020.06.17,제주,16
2020.06.18,서울,1170
2020.06.18,부산,148
2020.06.18,대구,6896
2020.06.18,인천,323
2020.06.18,광주,32
2020.06.18,대전,61
2020.06.18,울산,53
2020.06.18,세종,48
2020.06.18,경기,1079
2020.06.18,강원,60
2020.06.18,충북,61
2020.06.18,충남,156
2020.06.18,전북,22
2020.06.18,전남,20
2020.06.18,경북,1383
2020.06.18,경남,132
2020.06.18,제주,16
2020.06.19,서울,1188
2020.06.19,부산,148
2020.06.19,대구,6896
2020.06.19,인천,323
2020.06.19,광주,32
2020.06.19,대전,67
2020.06.19,울산,53
2020.06.19,세종,48
2020.06.19,경기,1090
2020.06.19,강원,60
2020.06.19,충북,61
2020.06.19,충남,156
2020.06.19,전북,22
2020.06.19,전남,20
2020.06.19,경북,1383
2020.06.19,경남,132
2020.06.19,제주,19
2020.06.20,서울,1202
2020.06.20,부산,150
2020.06.20,대구,6898
2020.06.20,인천,328
2020.06.20,광주,32
2020.06.20,대전,72
2020.06.20,울산,53
2020.06.20,세종,48
2020.06.20,경기,1107
2020.06.20,강원,60
2020.06.20,충북,61
2020.06.20,충남,158
2020.06.20,전북,23
2020.06.20,전남,20
2020.06.20,경북,1384
2020.06.20,경남,132
2020.06.20,제주,19
2020.06.21,서울,1219
2020.06.21,부산,150
2020.06.21,대구,6899
2020.06.21,인천,328
2020.06.21,광주,33
2020.06.21,대전,82
2020.06.21,울산,53
2020.06.21,세종,49
2020.06.21,경기,1117
2020.06.21,강원,62
2020.06.21,충북,61
2020.06.21,충남,159
2020.06.21,전북,23
2020.06.21,전남,20
2020.06.21,경북,1384
2020.06.21,경남,133
2020.06.21,제주,19
2020.06.22,서울,1224
2020.06.22,부산,150
2020.06.22,대구,6900
2020.06.22,인천,329
2020.06.22,광주,33
2020.06.22,대전,82
2020.06.22,울산,53
2020.06.22,세종,49
2020.06.22,경기,1123
2020.06.22,강원,62
2020.06.22,충북,61
2020.06.22,충남,161
2020.06.22,전북,24
2020.06.22,전남,20
2020.06.22,경북,1385
2020.06.22,경남,133
2020.06.22,제주,19
2020.06.23,서울,1230
2020.06.23,부산,150
2020.06.23,대구,6901
2020.06.23,인천,330
2020.06.23,광주,33
2020.06.23,대전,86
2020.06.23,울산,53
2020.06.23,세종,49
2020.06.23,경기,1130
2020.06.23,강원,62
2020.06.23,충북,62
2020.06.23,충남,161
2020.06.23,전북,24
2020.06.23,전남,20
2020.06.23,경북,1385
2020.06.23,경남,133
2020.06.23,제주,19
2020.06.24,서울,1241
2020.06.24,부산,152
2020.06.24,대구,6903
2020.06.24,인천,333
2020.06.24,광주,33
2020.06.24,대전,94
2020.06.24,울산,55
2020.06.24,세종,49
2020.06.24,경기,1137
2020.06.24,강원,63
2020.06.24,충북,62
2020.06.24,충남,162
2020.06.24,전북,25
2020.06.24,전남,20
2020.06.24,경북,1386
2020.06.24,경남,133
2020.06.24,제주,19
2020.06.25,서울,1250
2020.06.25,부산,152
2020.06.25,대구,6903
2020.06.25,인천,334
2020.06.25,광주,33
2020.06.25,대전,98
2020.06.25,울산,55
2020.06.25,세종,49
2020.06.25,경기,1146
2020.06.25,강원,63
2020.06.25,충북,62
2020.06.25,충남,163
2020.06.25,전북,25
2020.06.25,전남,20
2020.06.25,경북,1386
2020.06.25,경남,133
2020.06.25,제주,19
2020.06.26,서울,1267
2020.06.26,부산,152
2020.06.26,대구,6903
2020.06.26,인천,336
2020.06.26,광주,33
2020.06.26,대전,102
2020.06.26,울산,55
2020.06.26,세종,49
2020.06.26,경기,1150
2020.06.26,강원,64
2020.06.26,충북,62
2020.06.26,충남,166
2020.06.26,전북,25
2020.06.26,전남,20
2020.06.26,경북,1387
2020.06.26,경남,133
2020.06.26,제주,19
2020.06.27,서울,1284
2020.06.27,부산,152
2020.06.27,대구,6904
2020.06.27,인천,337
2020.06.27,광주,33
2020.06.27,대전,104
2020.06.27,울산,55
2020.06.27,세종,49
2020.06.27,경기,1167
2020.06.27,강원,64
2020.06.27,충북,63
2020.06.27,충남,166
2020.06.27,전북,26
2020.06.27,전남,20
2020.06.27,경북,1387
2020.06.27,경남,133
2020.06.27,제주,19
2020.06.28,서울,1298
2020.06.28,부산,152
2020.06.28,대구,6904
2020.06.28,인천,337
2020.06.28,광주,37
2020.06.28,대전,110
2020.06.28,울산,55
2020.06.28,세종,49
2020.06.28,경기,1184
2020.06.28,강원,64
2020.06.28,충북,64
2020.06.28,충남,167
2020.06.28,전북,26
2020.06.28,전남,23
2020.06.28,경북,1387
2020.06.28,경남,133
2020.06.28,제주,19
2020.06.29,서울,1305
2020.06.29,부산,153
2020.06.29,대구,6906
2020.06.29,인천,338
2020.06.29,광주,41
2020.06.29,대전,112
2020.06.29,울산,55
2020.06.29,세종,49
2020.06.29,경기,1200
2020.06.29,강원,64
2020.06.29,충북,64
2020.06.29,충남,167
2020.06.29,전북,27
2020.06.29,전남,24
2020.06.29,경북,1388
2020.06.29,경남,134
2020.06.29,제주,19
2020.06.30,서울,1312
2020.06.30,부산,154
2020.06.30,대구,6906
2020.06.30,인천,341
2020.06.30,광주,44
2020.06.30,대전,117
2020.06.30,울산,55
2020.06.30,세종,50
2020.06.30,경기,1207
2020.06.30,강원,65
2020.06.30,충북,65
2020.06.30,충남,167
2020.06.30,전북,27
2020.06.30,전남,24
2020.06.30,경북,1389
2020.06.30,경남,134
2020.06.30,제주,19
2020.07.01,서울,1321
2020.07.01,부산,154
2020.07.01,대구,6907
2020.07.01,인천,343
2020.07.01,광주,56
2020.07.01,대전,121
2020.07.01,울산,55
2020.07.01,세종,50
2020.07.01,경기,1223
2020.07.01,강원,65
2020.07.01,충북,64
2020.07.01,충남,168
2020.07.01,전북,27
2020.07.01,전남,25
2020.07.01,경북,1389
2020.07.01,경남,134
2020.07.01,제주,19
2020.07.02,서울,1334
2020.07.02,부산,154
2020.07.02,대구,6910
2020.07.02,인천,343
2020.07.02,광주,78
2020.07.02,대전,122
2020.07.02,울산,55
2020.07.02,세종,50
2020.07.02,경기,1233
2020.07.02,강원,65
2020.07.02,충북,64
2020.07.02,충남,171
2020.07.02,전북,27
2020.07.02,전남,25
2020.07.02,경북,1389
2020.07.02,경남,134
2020.07.02,제주,19
2020.07.03,서울,1346
2020.07.03,부산,154
2020.07.03,대구,6923
2020.07.03,인천,344
2020.07.03,광주,84
2020.07.03,대전,126
2020.07.03,울산,55
2020.07.03,세종,50
2020.07.03,경기,1251
2020.07.03,강원,65
2020.07.03,충북,64
2020.07.03,충남,172
2020.07.03,전북,28
2020.07.03,전남,25
2020.07.03,경북,1390
2020.07.03,경남,136
2020.07.03,제주,19
2020.07.04,서울,1353
2020.07.04,부산,155
2020.07.04,대구,6924
2020.07.04,인천,346
2020.07.04,광주,92
2020.07.04,대전,129
2020.07.04,울산,55
2020.07.04,세종,50
2020.07.04,경기,1270
2020.07.04,강원,65
2020.07.04,충북,66
2020.07.04,충남,172
2020.07.04,전북,28
2020.07.04,전남,25
2020.07.04,경북,1391
2020.07.04,경남,137
2020.07.04,제주,19
2020.07.05,서울,1369
2020.07.05,부산,155
2020.07.05,대구,6924
2020.07.05,인천,346
2020.07.05,광주,108
2020.07.05,대전,137
2020.07.05,울산,55
2020.07.05,세종,50
2020.07.05,경기,1278
2020.07.05,강원,66
2020.07.05,충북,66
2020.07.05,충남,172
2020.07.05,전북,29
2020.07.05,전남,25
2020.07.05,경북,1392
2020.07.05,경남,137
2020.07.05,제주,20
2020.07.06,서울,1372
2020.07.06,부산,156
2020.07.06,대구,6924
2020.07.06,인천,352
2020.07.06,광주,115
2020.07.06,대전,139
2020.07.06,울산,55
2020.07.06,세종,50
2020.07.06,경기,1284
2020.07.06,강원,67
2020.07.06,충북,66
2020.07.06,충남,173
2020.07.06,전북,29
2020.07.06,전남,27
2020.07.06,경북,1393
2020.07.06,경남,138
2020.07.06,제주,20
2020.07.07,서울,1375
2020.07.07,부산,156
2020.07.07,대구,6925
2020.07.07,인천,354
2020.07.07,광주,121
2020.07.07,대전,141
2020.07.07,울산,55
2020.07.07,세종,50
2020.07.07,경기,1297
2020.07.07,강원,67
2020.07.07,충북,66
2020.07.07,충남,173
2020.07.07,전북,30
2020.07.07,전남,27
2020.07.07,경북,1393
2020.07.07,경남,138
2020.07.07,제주,20
2020.07.08,서울,1385
2020.07.08,부산,156
2020.07.08,대구,6926
2020.07.08,인천,355
2020.07.08,광주,129
2020.07.08,대전,143
2020.07.08,울산,55
2020.07.08,세종,50
2020.07.08,경기,1315
2020.07.08,강원,67
2020.07.08,충북,66
2020.07.08,충남,179
2020.07.08,전북,32
2020.07.08,전남,28
2020.07.08,경북,1394
2020.07.08,경남,140
2020.07.08,제주,20
2020.07.09,서울,1393
2020.07.09,부산,156
2020.07.09,대구,6926
2020.07.09,인천,358
2020.07.09,광주,144
2020.07.09,대전,149
2020.07.09,울산,55
2020.07.09,세종,50
2020.07.09,경기,1323
2020.07.09,강원,67
2020.07.09,충북,66
2020.07.09,충남,180
2020.07.09,전북,33
2020.07.09,전남,29
2020.07.09,경북,1393
2020.07.09,경남,142
2020.07.09,제주,20
2020.07.10,서울,1401
2020.07.10,부산,156
2020.07.10,대구,6926
2020.07.10,인천,359
2020.07.10,광주,147
2020.07.10,대전,156
2020.07.10,울산,55
2020.07.10,세종,50
2020.07.10,경기,1337
2020.07.10,강원,67
2020.07.10,충북,68
2020.07.10,충남,180
2020.07.10,전북,33
2020.07.10,전남,32
2020.07.10,경북,1393
2020.07.10,경남,145
2020.07.10,제주,20
2020.07.11,서울,1409
2020.07.11,부산,156
2020.07.11,대구,6926
2020.07.11,인천,360
2020.07.11,광주,156
2020.07.11,대전,158
2020.07.11,울산,55
2020.07.11,세종,50
2020.07.11,경기,1341
2020.07.11,강원,67
2020.07.11,충북,68
2020.07.11,충남,181
2020.07.11,전북,35
2020.07.11,전남,32
2020.07.11,경북,1393
2020.07.11,경남,145
2020.07.11,제주,20
2020.07.12,서울,1416
2020.07.12,부산,156
2020.07.12,대구,6926
2020.07.12,인천,360
2020.07.12,광주,161
2020.07.12,대전,159
2020.07.12,울산,55
2020.07.12,세종,50
2020.07.12,경기,1358
2020.07.12,강원,67
2020.07.12,충북,68
2020.07.12,충남,181
2020.07.12,전북,36
2020.07.12,전남,32
2020.07.12,경북,1393
2020.07.12,경남,146
2020.07.12,제주,20
2020.07.13,서울,1429
2020.07.13,부산,156
2020.07.13,대구,6927
2020.07.13,인천,363
2020.07.13,광주,168
2020.07.13,대전,159
2020.07.13,울산,55
2020.07.13,세종,50
2020.07.13,경기,1369
2020.07.13,강원,69
2020.07.13,충북,69
2020.07.13,충남,185
2020.07.13,전북,36
2020.07.13,전남,32
2020.07.13,경북,1393
2020.07.13,경남,148
2020.07.13,제주,20
2020.07.14,서울,1436
2020.07.14,부산,156
2020.07.14,대구,6927
2020.07.14,인천,363
2020.07.14,광주,169
2020.07.14,대전,160
2020.07.14,울산,55
2020.07.14,세종,50
2020.07.14,경기,1378
2020.07.14,강원,69
2020.07.14,충북,70
2020.07.14,충남,185
2020.07.14,전북,38
2020.07.14,전남,32
2020.07.14,경북,1393
2020.07.14,경남,148
2020.07.14,제주,20
2020.07.15,서울,1442
2020.07.15,부산,156
2020.07.15,대구,6927
2020.07.15,인천,364
2020.07.15,광주,170
2020.07.15,대전,163
2020.07.15,울산,55
2020.07.15,세종,50
2020.07.15,경기,1383
2020.07.15,강원,69
2020.07.15,충북,70
2020.07.15,충남,185
2020.07.15,전북,38
2020.07.15,전남,32
2020.07.15,경북,1393
2020.07.15,경남,148
2020.07.15,제주,20
2020.07.16,서울,1449
2020.07.16,부산,156
2020.07.16,대구,6929
2020.07.16,인천,367
2020.07.16,광주,171
2020.07.16,대전,164
2020.07.16,울산,56
2020.07.16,세종,50
2020.07.16,경기,1404
2020.07.16,강원,72
2020.07.16,충북,71
2020.07.16,충남,185
2020.07.16,전북,38
2020.07.16,전남,32
2020.07.16,경북,1393
2020.07.16,경남,149
2020.07.16,제주,20
2020.07.17,서울,1458
2020.07.17,부산,156
2020.07.17,대구,6929
2020.07.17,인천,367
2020.07.17,광주,176
2020.07.17,대전,165
2020.07.17,울산,56
2020.07.17,세종,50
2020.07.17,경기,1419
2020.07.17,강원,72
2020.07.17,충북,71
2020.07.17,충남,185
2020.07.17,전북,38
2020.07.17,전남,32
2020.07.17,경북,1393
2020.07.17,경남,151
2020.07.17,제주,23
2020.07.18,서울,1464
2020.07.18,부산,157
2020.07.18,대구,6932
2020.07.18,인천,369
2020.07.18,광주,176
2020.07.18,대전,165
2020.07.18,울산,57
2020.07.18,세종,50
2020.07.18,경기,1429
2020.07.18,강원,72
2020.07.18,충북,71
2020.07.18,충남,185
2020.07.18,전북,38
2020.07.18,전남,33
2020.07.18,경북,1393
2020.07.18,경남,153
2020.07.18,제주,24
2020.07.19,서울,1474
2020.07.19,부산,157
2020.07.19,대구,6932
2020.07.19,인천,370
2020.07.19,광주,186
2020.07.19,대전,166
2020.07.19,울산,57
2020.07.19,세종,50
2020.07.19,경기,1433
2020.07.19,강원,72
2020.07.19,충북,71
2020.07.19,충남,185
2020.07.19,전북,38
2020.07.19,전남,33
2020.07.19,경북,1393
2020.07.19,경남,153
2020.07.19,제주,25
2020.07.20,서울,1477
2020.07.20,부산,157
2020.07.20,대구,6934
2020.07.20,인천,372
2020.07.20,광주,187
2020.07.20,대전,166
2020.07.20,울산,57
2020.07.20,세종,50
2020.07.20,경기,1434
2020.07.20,강원,72
2020.07.20,충북,71
2020.07.20,충남,186
2020.07.20,전북,39
2020.07.20,전남,35
2020.07.20,경북,1394
2020.07.20,경남,155
2020.07.20,제주,25
2020.07.21,서울,1498
2020.07.21,부산,157
2020.07.21,대구,6936
2020.07.21,인천,372
2020.07.21,광주,187
2020.07.21,대전,166
2020.07.21,울산,57
2020.07.21,세종,50
2020.07.21,경기,1436
2020.07.21,강원,72
2020.07.21,충북,71
2020.07.21,충남,186
2020.07.21,전북,39
2020.07.21,전남,35
2020.07.21,경북,1395
2020.07.21,경남,155
2020.07.21,제주,26
2020.07.22,서울,1514
2020.07.22,부산,157
2020.07.22,대구,6937
2020.07.22,인천,377
2020.07.22,광주,191
2020.07.22,대전,166
2020.07.22,울산,57
2020.07.22,세종,50
2020.07.22,경기,1451
2020.07.22,강원,72
2020.07.22,충북,72
2020.07.22,충남,187
2020.07.22,전북,39
2020.07.22,전남,35
2020.07.22,경북,1395
2020.07.22,경남,156
2020.07.22,제주,26
2020.07.23,서울,1526
2020.07.23,부산,159
2020.07.23,대구,6937
2020.07.23,인천,380
2020.07.23,광주,200
2020.07.23,대전,166
2020.07.23,울산,57
2020.07.23,세종,50
2020.07.23,경기,1479
2020.07.23,강원,72
2020.07.23,충북,72
2020.07.23,충남,187
2020.07.23,전북,39
2020.07.23,전남,35
2020.07.23,경북,1395
2020.07.23,경남,156
2020.07.23,제주,26
2020.07.24,서울,1547
2020.07.24,부산,161
2020.07.24,대구,6939
2020.07.24,인천,380
2020.07.24,광주,202
2020.07.24,대전,166
2020.07.24,울산,57
2020.07.24,세종,50
2020.07.24,경기,1487
2020.07.24,강원,72
2020.07.24,충북,72
2020.07.24,충남,187
2020.07.24,전북,39
2020.07.24,전남,35
2020.07.24,경북,1396
2020.07.24,경남,158
2020.07.24,제주,26
2020.07.25,서울,1558
2020.07.25,부산,166
2020.07.25,대구,6939
2020.07.25,인천,380
2020.07.25,광주,202
2020.07.25,대전,166
2020.07.25,울산,58
2020.07.25,세종,50
2020.07.25,경기,1501
2020.07.25,강원,72
2020.07.25,충북,72
2020.07.25,충남,187
2020.07.25,전북,39
2020.07.25,전남,36
2020.07.25,경북,1396
2020.07.25,경남,158
2020.07.25,제주,26
2020.07.26,서울,1565
2020.07.26,부산,167
2020.07.26,대구,6939
2020.07.26,인천,380
2020.07.26,광주,203
2020.07.26,대전,166
2020.07.26,울산,58
2020.07.26,세종,50
2020.07.26,경기,1508
2020.07.26,강원,72
2020.07.26,충북,72
2020.07.26,충남,187
2020.07.26,전북,39
2020.07.26,전남,36
2020.07.26,경북,1396
2020.07.26,경남,158
2020.07.26,제주,26
2020.07.27,서울,1574
2020.07.27,부산,168
2020.07.27,대구,6939
2020.07.27,인천,380
2020.07.27,광주,203
2020.07.27,대전,166
2020.07.27,울산,58
2020.07.27,세종,50
2020.07.27,경기,1514
2020.07.27,강원,72
2020.07.27,충북,73
2020.07.27,충남,188
2020.07.27,전북,39
2020.07.27,전남,36
2020.07.27,경북,1396
2020.07.27,경남,158
2020.07.27,제주,26
2020.07.28,서울,1580
2020.07.28,부산,170
2020.07.28,대구,6939
2020.07.28,인천,380
2020.07.28,광주,203
2020.07.28,대전,166
2020.07.28,울산,58
2020.07.28,세종,50
2020.07.28,경기,1520
2020.07.28,강원,72
2020.07.28,충북,73
2020.07.28,충남,189
2020.07.28,전북,39
2020.07.28,전남,38
2020.07.28,경북,1397
2020.07.28,경남,158
2020.07.28,제주,26
2020.07.29,서울,1589
2020.07.29,부산,171
2020.07.29,대구,6939
2020.07.29,인천,383
2020.07.29,광주,204
2020.07.29,대전,166
2020.07.29,울산,59
2020.07.29,세종,50
2020.07.29,경기,1531
2020.07.29,강원,72
2020.07.29,충북,73
2020.07.29,충남,189
2020.07.29,전북,39
2020.07.29,전남,38
2020.07.29,경북,1398
2020.07.29,경남,158
2020.07.29,제주,26
2020.07.30,서울,1592
2020.07.30,부산,171
2020.07.30,대구,6939
2020.07.30,인천,383
2020.07.30,광주,204
2020.07.30,대전,166
2020.07.30,울산,59
2020.07.30,세종,50
2020.07.30,경기,1536
2020.07.30,강원,72
2020.07.30,충북,73
2020.07.30,충남,189
2020.07.30,전북,39
2020.07.30,전남,38
2020.07.30,경북,1399
2020.07.30,경남,159
2020.07.30,제주,26
2020.07.31,서울,1600
2020.07.31,부산,171
2020.07.31,대구,6940
2020.07.31,인천,383
2020.07.31,광주,204
2020.07.31,대전,166
2020.07.31,울산,59
2020.07.31,세종,50
2020.07.31,경기,1546
2020.07.31,강원,74
2020.07.31,충북,73
2020.07.31,충남,190
2020.07.31,전북,39
2020.07.31,전남,38
2020.07.31,경북,1401
2020.07.31,경남,159
2020.07.31,제주,26
2020.08.01,서울,1602
2020.08.01,부산,172
2020.08.01,대구,6940
2020.08.01,인천,384
2020.08.01,광주,204
2020.08.01,대전,166
2020.08.01,울산,59
2020.08.01,세종,50
2020.08.01,경기,1553
2020.08.01,강원,74
2020.08.01,충북,73
2020.08.01,충남,190
2020.08.01,전북,39
2020.08.01,전남,38
2020.08.01,경북,1402
2020.08.01,경남,159
2020.08.01,제주,26
2020.08.02,서울,1607
2020.08.02,부산,173
2020.08.02,대구,6942
2020.08.02,인천,384
2020.08.02,광주,205
2020.08.02,대전,166
2020.08.02,울산,59
2020.08.02,세종,50
2020.08.02,경기,1556
2020.08.02,강원,74
2020.08.02,충북,73
2020.08.02,충남,190
2020.08.02,전북,39
2020.08.02,전남,38
2020.08.02,경북,1403
2020.08.02,경남,159
2020.08.02,제주,26
2020.08.03,서울,1612
2020.08.03,부산,173
2020.08.03,대구,6942
2020.08.03,인천,384
2020.08.03,광주,205
2020.08.03,대전,166
2020.08.03,울산,59
2020.08.03,세종,50
2020.08.03,경기,1557
2020.08.03,강원,74
2020.08.03,충북,73
2020.08.03,충남,190
2020.08.03,전북,39
2020.08.03,전남,38
2020.08.03,경북,1404
2020.08.03,경남,161
2020.08.03,제주,26
2020.08.04,서울,1621
2020.08.04,부산,174
2020.08.04,대구,6942
2020.08.04,인천,385
2020.08.04,광주,207
2020.08.04,대전,166
2020.08.04,울산,59
2020.08.04,세종,50
2020.08.04,경기,1568
2020.08.04,강원,74
2020.08.04,충북,74
2020.08.04,충남,190
2020.08.04,전북,39
2020.08.04,전남,39
2020.08.04,경북,1405
2020.08.04,경남,161
2020.08.04,제주,26
2020.08.05,서울,1627
2020.08.05,부산,174
2020.08.05,대구,6943
2020.08.05,인천,386
2020.08.05,광주,208
2020.08.05,대전,166
2020.08.05,울산,59
2020.08.05,세종,50
2020.08.05,경기,1575
2020.08.05,강원,75
2020.08.05,충북,80
2020.08.05,충남,190
2020.08.05,전북,39
2020.08.05,전남,39
2020.08.05,경북,1405
2020.08.05,경남,165
2020.08.05,제주,26
2020.08.06,서울,1636
2020.08.06,부산,177
2020.08.06,대구,6943
2020.08.06,인천,386
2020.08.06,광주,208
2020.08.06,대전,166
2020.08.06,울산,59
2020.08.06,세종,50
2020.08.06,경기,1588
2020.08.06,강원,77
2020.08.06,충북,81
2020.08.06,충남,192
2020.08.06,전북,39
2020.08.06,전남,41
2020.08.06,경북,1409
2020.08.06,경남,166
2020.08.06,제주,26
2020.08.07,서울,1645
2020.08.07,부산,177
2020.08.07,대구,6943
2020.08.07,인천,386
2020.08.07,광주,208
2020.08.07,대전,166
2020.08.07,울산,59
2020.08.07,세종,50
2020.08.07,경기,1593
2020.08.07,강원,77
2020.08.07,충북,81
2020.08.07,충남,192
2020.08.07,전북,39
2020.08.07,전남,41
2020.08.07,경북,1410
2020.08.07,경남,166
2020.08.07,제주,26
2020.08.08,서울,1662
2020.08.08,부산,177
2020.08.08,대구,6944
2020.08.08,인천,388
2020.08.08,광주,208
2020.08.08,대전,166
2020.08.08,울산,59
2020.08.08,세종,50
2020.08.08,경기,1611
2020.08.08,강원,77
2020.08.08,충북,81
2020.08.08,충남,192
2020.08.08,전북,39
2020.08.08,전남,41
2020.08.08,경북,1410
2020.08.08,경남,166
2020.08.08,제주,26
2020.08.09,서울,1675
2020.08.09,부산,177
2020.08.09,대구,6945
2020.08.09,인천,389
2020.08.09,광주,210
2020.08.09,대전,166
2020.08.09,울산,60
2020.08.09,세종,50
2020.08.09,경기,1626
2020.08.09,강원,77
2020.08.09,충북,82
2020.08.09,충남,193
2020.08.09,전북,39
2020.08.09,전남,41
2020.08.09,경북,1410
2020.08.09,경남,166
2020.08.09,제주,26
2020.08.10,서울,1688
2020.08.10,부산,178
2020.08.10,대구,6945
2020.08.10,인천,389
2020.08.10,광주,210
2020.08.10,대전,166
2020.08.10,울산,60
2020.08.10,세종,50
2020.08.10,경기,1632
2020.08.10,강원,77
2020.08.10,충북,82
2020.08.10,충남,193
2020.08.10,전북,39
2020.08.10,전남,42
2020.08.10,경북,1411
2020.08.10,경남,166
2020.08.10,제주,26
2020.08.11,서울,1694
2020.08.11,부산,187
2020.08.11,대구,6945
2020.08.11,인천,389
2020.08.11,광주,210
2020.08.11,대전,166
2020.08.11,울산,60
2020.08.11,세종,50
2020.08.11,경기,1645
2020.08.11,강원,77
2020.08.11,충북,82
2020.08.11,충남,195
2020.08.11,전북,40
2020.08.11,전남,42
2020.08.11,경북,1411
2020.08.11,경남,166
2020.08.11,제주,26
2020.08.12,서울,1709
2020.08.12,부산,191
2020.08.12,대구,6945
2020.08.12,인천,389
2020.08.12,광주,216
2020.08.12,대전,167
2020.08.12,울산,60
2020.08.12,세종,50
2020.08.12,경기,1664
2020.08.12,강원,77
2020.08.12,충북,82
2020.08.12,충남,196
2020.08.12,전북,40
2020.08.12,전남,42
2020.08.12,경북,1411
2020.08.12,경남,166
2020.08.12,제주,26
2020.08.13,서울,1735
2020.08.13,부산,193
2020.08.13,대구,6946
2020.08.13,인천,389
2020.08.13,광주,218
2020.08.13,대전,167
2020.08.13,울산,61
2020.08.13,세종,50
2020.08.13,경기,1681
2020.08.13,강원,77
2020.08.13,충북,82
2020.08.13,충남,197
2020.08.13,전북,42
2020.08.13,전남,42
2020.08.13,경북,1411
2020.08.13,경남,167
2020.08.13,제주,26
2020.08.14,서울,1767
2020.08.14,부산,198
2020.08.14,대구,6946
2020.08.14,인천,393
2020.08.14,광주,220
2020.08.14,대전,167
2020.08.14,울산,62
2020.08.14,세종,50
2020.08.14,경기,1728
2020.08.14,강원,78
2020.08.14,충북,82
2020.08.14,충남,200
2020.08.14,전북,42
2020.08.14,전남,42
2020.08.14,경북,1412
2020.08.14,경남,167
2020.08.14,제주,26
2020.08.15,서울,1841
2020.08.15,부산,201
2020.08.15,대구,6946
2020.08.15,인천,399
2020.08.15,광주,221
2020.08.15,대전,168
2020.08.15,울산,62
2020.08.15,세종,50
2020.08.15,경기,1800
2020.08.15,강원,81
2020.08.15,충북,82
2020.08.15,충남,202
2020.08.15,전북,43
2020.08.15,전남,42
2020.08.15,경북,1412
2020.08.15,경남,168
2020.08.15,제주,26
2020.08.16,서울,1987
2020.08.16,부산,208
2020.08.16,대구,6947
2020.08.16,인천,408
2020.08.16,광주,228
2020.08.16,대전,168
2020.08.16,울산,65
2020.08.16,세종,50
2020.08.16,경기,1898
2020.08.16,강원,81
2020.08.16,충북,83
2020.08.16,충남,207
2020.08.16,전북,43
2020.08.16,전남,42
2020.08.16,경북,1412
2020.08.16,경남,170
2020.08.16,제주,26
2020.08.17,서울,2077
2020.08.17,부산,215
2020.08.17,대구,6948
2020.08.17,인천,415
2020.08.17,광주,235
2020.08.17,대전,170
2020.08.17,울산,65
2020.08.17,세종,50
2020.08.17,경기,1968
2020.08.17,강원,82
2020.08.17,충북,86
2020.08.17,충남,211
2020.08.17,전북,44
2020.08.17,전남,42
2020.08.17,경북,1414
2020.08.17,경남,170
2020.08.17,제주,26
2020.08.18,서울,2209
2020.08.18,부산,222
2020.08.18,대구,6954
2020.08.18,인천,433
2020.08.18,광주,239
2020.08.18,대전,170
2020.08.18,울산,68
2020.08.18,세종,50
2020.08.18,경기,2020
2020.08.18,강원,84
2020.08.18,충북,87
2020.08.18,충남,216
2020.08.18,전북,51
2020.08.18,전남,42
2020.08.18,경북,1417
2020.08.18,경남,170
2020.08.18,제주,26
2020.08.19,서울,2360
2020.08.19,부산,231
2020.08.19,대구,6956
2020.08.19,인천,441
2020.08.19,광주,245
2020.08.19,대전,170
2020.08.19,울산,68
2020.08.19,세종,52
2020.08.19,경기,2119
2020.08.19,강원,90
2020.08.19,충북,89
2020.08.19,충남,219
2020.08.19,전북,52
2020.08.19,전남,44
2020.08.19,경북,1420
2020.08.19,경남,171
2020.08.19,제주,26
2020.08.20,서울,2495
2020.08.20,부산,246
2020.08.20,대구,6959
2020.08.20,인천,451
2020.08.20,광주,246
2020.08.20,대전,178
2020.08.20,울산,68
2020.08.20,세종,53
2020.08.20,경기,2204
2020.08.20,강원,95
2020.08.20,충북,90
2020.08.20,충남,224
2020.08.20,전북,58
2020.08.20,전남,47
2020.08.20,경북,1425
2020.08.20,경남,174
2020.08.20,제주,26
2020.08.21,서울,2621
2020.08.21,부산,254
2020.08.21,대구,6963
2020.08.21,인천,469
2020.08.21,광주,251
2020.08.21,대전,185
2020.08.21,울산,69
2020.08.21,세종,56
2020.08.21,경기,2307
2020.08.21,강원,104
2020.08.21,충북,93
2020.08.21,충남,237
2020.08.21,전북,63
2020.08.21,전남,53
2020.08.21,경북,1431
2020.08.21,경남,178
2020.08.21,제주,26
2020.08.22,서울,2749
2020.08.22,부산,257
2020.08.22,대구,6972
2020.08.22,인천,491
2020.08.22,광주,262
2020.08.22,대전,190
2020.08.22,울산,72
2020.08.22,세종,57
2020.08.22,경기,2402
2020.08.22,강원,120
2020.08.22,충북,95
2020.08.22,충남,244
2020.08.22,전북,67
2020.08.22,전남,60
2020.08.22,경북,1435
2020.08.22,경남,187
2020.08.22,제주,28
2020.08.23,서울,2889
2020.08.23,부산,259
2020.08.23,대구,6978
2020.08.23,인천,523
2020.08.23,광주,279
2020.08.23,대전,205
2020.08.23,울산,75
2020.08.23,세종,57
2020.08.23,경기,2527
2020.08.23,강원,135
2020.08.23,충북,98
2020.08.23,충남,254
2020.08.23,전북,67
2020.08.23,전남,74
2020.08.23,경북,1437
2020.08.23,경남,196
2020.08.23,제주,28
2020.08.24,서울,2986
2020.08.24,부산,262
2020.08.24,대구,6978
2020.08.24,인천,543
2020.08.24,광주,280
2020.08.24,대전,215
2020.08.24,울산,76
2020.08.24,세종,60
2020.08.24,경기,2612
2020.08.24,강원,141
2020.08.24,충북,108
2020.08.24,충남,262
2020.08.24,전북,71
2020.08.24,전남,81
2020.08.24,경북,1443
2020.08.24,경남,197
2020.08.24,제주,28
2020.08.25,서울,3120
2020.08.25,부산,265
2020.08.25,대구,6983
2020.08.25,인천,558
2020.08.25,광주,284
2020.08.25,대전,226
2020.08.25,울산,76
2020.08.25,세종,63
2020.08.25,경기,2684
2020.08.25,강원,149
2020.08.25,충북,110
2020.08.25,충남,271
2020.08.25,전북,75
2020.08.25,전남,82
2020.08.25,경북,1444
2020.08.25,경남,199
2020.08.25,제주,31
2020.08.26,서울,3232
2020.08.26,부산,269
2020.08.26,대구,6986
2020.08.26,인천,585
2020.08.26,광주,291
2020.08.26,대전,233
2020.08.26,울산,78
2020.08.26,세종,63
2020.08.26,경기,2782
2020.08.26,강원,167
2020.08.26,충북,110
2020.08.26,충남,283
2020.08.26,전북,82
2020.08.26,전남,95
2020.08.26,경북,1444
2020.08.26,경남,204
2020.08.26,제주,33
2020.08.27,서울,3386
2020.08.27,부산,277
2020.08.27,대구,6999
2020.08.27,인천,644
2020.08.27,광주,330
2020.08.27,대전,236
2020.08.27,울산,80
2020.08.27,세종,63
2020.08.27,경기,2884
2020.08.27,강원,181
2020.08.27,충북,111
2020.08.27,충남,298
2020.08.27,전북,84
2020.08.27,전남,108
2020.08.27,경북,1448
2020.08.27,경남,212
2020.08.27,제주,34
2020.08.28,서울,3532
2020.08.28,부산,285
2020.08.28,대구,7007
2020.08.28,인천,671
2020.08.28,광주,347
2020.08.28,대전,239
2020.08.28,울산,81
2020.08.28,세종,65
2020.08.28,경기,2997
2020.08.28,강원,184
2020.08.28,충북,116
2020.08.28,충남,307
2020.08.28,전북,86
2020.08.28,전남,120
2020.08.28,경북,1449
2020.08.28,경남,216
2020.08.28,제주,36
2020.08.29,서울,3657
2020.08.29,부산,291
2020.08.29,대구,7013
2020.08.29,인천,691
2020.08.29,광주,363
2020.08.29,대전,243
2020.08.29,울산,81
2020.08.29,세종,65
2020.08.29,경기,3101
2020.08.29,강원,184
2020.08.29,충북,122
2020.08.29,충남,315
2020.08.29,전북,86
2020.08.29,전남,129
2020.08.29,경북,1450
2020.08.29,경남,228
2020.08.29,제주,37
2020.08.30,서울,3773
2020.08.30,부산,297
2020.08.30,대구,7043
2020.08.30,인천,704
2020.08.30,광주,365
2020.08.30,대전,249
2020.08.30,울산,84
2020.08.30,세종,66
2020.08.30,경기,3181
2020.08.30,강원,186
2020.08.30,충북,127
2020.08.30,충남,323
2020.08.30,전북,86
2020.08.30,전남,137
2020.08.30,경북,1453
2020.08.30,경남,235
2020.08.30,제주,39
2020.08.31,서울,3867
2020.08.31,부산,301
2020.08.31,대구,7047
2020.08.31,인천,718
2020.08.31,광주,374
2020.08.31,대전,256
2020.08.31,울산,89
2020.08.31,세종,67
2020.08.31,경기,3260
2020.08.31,강원,189
2020.08.31,충북,128
2020.08.31,충남,332
2020.08.31,전북,87
2020.08.31,전남,142
2020.08.31,경북,1455
2020.08.31,경남,236
2020.08.31,제주,45
2020.09.01,서울,3961
2020.09.01,부산,304
2020.09.01,대구,7049
2020.09.01,인천,740
2020.09.01,광주,378
2020.09.01,대전,264
2020.09.01,울산,95
2020.09.01,세종,67
2020.09.01,경기,3323
2020.09.01,강원,193
2020.09.01,충북,129
2020.09.01,충남,339
2020.09.01,전북,87
2020.09.01,전남,146
2020.09.01,경북,1464
2020.09.01,경남,239
2020.09.01,제주,46
2020.09.02,서울,4062
2020.09.02,부산,311
2020.09.02,대구,7062
2020.09.02,인천,751
2020.09.02,광주,388
2020.09.02,대전,278
2020.09.02,울산,100
2020.09.02,세종,67
2020.09.02,경기,3407
2020.09.02,강원,195
2020.09.02,충북,130
2020.09.02,충남,346
2020.09.02,전북,87
2020.09.02,전남,149
2020.09.02,경북,1468
2020.09.02,경남,240
2020.09.02,제주,47
2020.09.03,서울,4131
2020.09.03,부산,315
2020.09.03,대구,7065
2020.09.03,인천,767
2020.09.03,광주,394
2020.09.03,대전,282
2020.09.03,울산,108
2020.09.03,세종,67
2020.09.03,경기,3471
2020.09.03,강원,199
2020.09.03,충북,131
2020.09.03,충남,353
2020.09.03,전북,87
2020.09.03,전남,155
2020.09.03,경북,1468
2020.09.03,경남,240
2020.09.03,제주,47
2020.09.04,서울,4201
2020.09.04,부산,319
2020.09.04,대구,7072
2020.09.04,인천,770
2020.09.04,광주,405
2020.09.04,대전,286
2020.09.04,울산,111
2020.09.04,세종,67
2020.09.04,경기,3527
2020.09.04,강원,202
2020.09.04,충북,135
2020.09.04,충남,374
2020.09.04,전북,87
2020.09.04,전남,156
2020.09.04,경북,1472
2020.09.04,경남,243
2020.09.04,제주,47
2020.09.05,서울,4251
2020.09.05,부산,329
2020.09.05,대구,7077
2020.09.05,인천,784
2020.09.05,광주,413
2020.09.05,대전,288
2020.09.05,울산,112
2020.09.05,세종,67
2020.09.05,경기,3578
2020.09.05,강원,205
2020.09.05,충북,139
2020.09.05,충남,378
2020.09.05,전북,89
2020.09.05,전남,156
2020.09.05,경북,1473
2020.09.05,경남,251
2020.09.05,제주,48
2020.09.06,서울,4314
2020.09.06,부산,331
2020.09.06,대구,7082
2020.09.06,인천,796
2020.09.06,광주,420
2020.09.06,대전,293
2020.09.06,울산,113
2020.09.06,세종,67
2020.09.06,경기,3625
2020.09.06,강원,210
2020.09.06,충북,141
2020.09.06,충남,380
2020.09.06,전북,90
2020.09.06,전남,159
2020.09.06,경북,1475
2020.09.06,경남,257
2020.09.06,제주,48
2020.09.07,서울,4362
2020.09.07,부산,340
2020.09.07,대구,7084
2020.09.07,인천,797
2020.09.07,광주,429
2020.09.07,대전,298
2020.09.07,울산,116
2020.09.07,세종,67
2020.09.07,경기,3656
2020.09.07,강원,210
2020.09.07,충북,141
2020.09.07,충남,383
2020.09.07,전북,91
2020.09.07,전남,159
2020.09.07,경북,1475
2020.09.07,경남,260
2020.09.07,제주,48
2020.09.08,서울,4429
2020.09.08,부산,341
2020.09.08,대구,7086
2020.09.08,인천,799
2020.09.08,광주,442
2020.09.08,대전,302
2020.09.08,울산,119
2020.09.08,세종,68
2020.09.08,경기,3687
2020.09.08,강원,210
2020.09.08,충북,142
2020.09.08,충남,383
2020.09.08,전북,94
2020.09.08,전남,160
2020.09.08,경북,1478
2020.09.08,경남,260
2020.09.08,제주,48
2020.09.09,서울,4478
2020.09.09,부산,343
2020.09.09,대구,7088
2020.09.09,인천,800
2020.09.09,광주,459
2020.09.09,대전,310
2020.09.09,울산,123
2020.09.09,세종,70
2020.09.09,경기,3742
2020.09.09,강원,210
2020.09.09,충북,143
2020.09.09,충남,391
2020.09.09,전북,95
2020.09.09,전남,161
2020.09.09,경북,1478
2020.09.09,경남,261
2020.09.09,제주,48
2020.09.10,서울,4526
2020.09.10,부산,344
2020.09.10,대구,7089
2020.09.10,인천,805
2020.09.10,광주,464
2020.09.10,대전,321
2020.09.10,울산,127
2020.09.10,세종,70
2020.09.10,경기,3792
2020.09.10,강원,212
2020.09.10,충북,146
2020.09.10,충남,403
2020.09.10,전북,96
2020.09.10,전남,163
2020.09.10,경북,1481
2020.09.10,경남,262
2020.09.10,제주,50
2020.09.11,서울,4589
2020.09.11,부산,347
2020.09.11,대구,7090
2020.09.11,인천,813
2020.09.11,광주,472
2020.09.11,대전,332
2020.09.11,울산,132
2020.09.11,세종,70
2020.09.11,경기,3839
2020.09.11,강원,212
2020.09.11,충북,147
2020.09.11,충남,417
2020.09.11,전북,96
2020.09.11,전남,165
2020.09.11,경북,1483
2020.09.11,경남,262
2020.09.11,제주,52
2020.09.12,서울,4639
2020.09.12,부산,351
2020.09.12,대구,7094
2020.09.12,인천,821
2020.09.12,광주,475
2020.09.12,대전,339
2020.09.12,울산,133
2020.09.12,세종,70
2020.09.12,경기,3871
2020.09.12,강원,215
2020.09.12,충북,147
2020.09.12,충남,423
2020.09.12,전북,97
2020.09.12,전남,166
2020.09.12,경북,1485
2020.09.12,경남,265
2020.09.12,제주,53
2020.09.13,서울,4670
2020.09.13,부산,354
2020.09.13,대구,7108
2020.09.13,인천,824
2020.09.13,광주,478
2020.09.13,대전,341
2020.09.13,울산,140
2020.09.13,세종,70
2020.09.13,경기,3903
2020.09.13,강원,216
2020.09.13,충북,147
2020.09.13,충남,434
2020.09.13,전북,99
2020.09.13,전남,166
2020.09.13,경북,1487
2020.09.13,경남,268
2020.09.13,제주,53
2020.09.14,서울,4711
2020.09.14,부산,357
2020.09.14,대구,7112
2020.09.14,인천,834
2020.09.14,광주,481
2020.09.14,대전,342
2020.09.14,울산,141
2020.09.14,세종,70
2020.09.14,경기,3933
2020.09.14,강원,216
2020.09.14,충북,147
2020.09.14,충남,442
2020.09.14,전북,100
2020.09.14,전남,166
2020.09.14,경북,1488
2020.09.14,경남,269
2020.09.14,제주,53
2020.09.15,서울,4743
2020.09.15,부산,361
2020.09.15,대구,7112
2020.09.15,인천,843
2020.09.15,광주,482
2020.09.15,대전,345
2020.09.15,울산,141
2020.09.15,세종,70
2020.09.15,경기,3972
2020.09.15,강원,217
2020.09.15,충북,149
2020.09.15,충남,445
2020.09.15,전북,101
2020.09.15,전남,166
2020.09.15,경북,1489
2020.09.15,경남,271
2020.09.15,제주,56
2020.09.16,서울,4794
2020.09.16,부산,365
2020.09.16,대구,7116
2020.09.16,인천,852
2020.09.16,광주,484
2020.09.16,대전,346
2020.09.16,울산,141
2020.09.16,세종,70
2020.09.16,경기,3998
2020.09.16,강원,217
2020.09.16,충북,151
2020.09.16,충남,447
2020.09.16,전북,106
2020.09.16,전남,166
2020.09.16,경북,1491
2020.09.16,경남,274
2020.09.16,제주,56
2020.09.17,서울,4857
2020.09.17,부산,367
2020.09.17,대구,7118
2020.09.17,인천,859
2020.09.17,광주,485
2020.09.17,대전,348
2020.09.17,울산,141
2020.09.17,세종,70
2020.09.17,경기,4052
2020.09.17,강원,217
2020.09.17,충북,151
2020.09.17,충남,457
2020.09.17,전북,106
2020.09.17,전남,167
2020.09.17,경북,1497
2020.09.17,경남,277
2020.09.17,제주,56
2020.09.18,서울,4904
2020.09.18,부산,369
2020.09.18,대구,7120
2020.09.18,인천,865
2020.09.18,광주,485
2020.09.18,대전,350
2020.09.18,울산,141
2020.09.18,세종,70
2020.09.18,경기,4089
2020.09.18,강원,217
2020.09.18,충북,154
2020.09.18,충남,463
2020.09.18,전북,114
2020.09.18,전남,167
2020.09.18,경북,1502
2020.09.18,경남,281
2020.09.18,제주,58
2020.09.19,서울,4944
2020.09.19,부산,371
2020.09.19,대구,7122
2020.09.19,인천,876
2020.09.19,광주,485
2020.09.19,대전,352
2020.09.19,울산,141
2020.09.19,세종,70
2020.09.19,경기,4130
2020.09.19,강원,217
2020.09.19,충북,155
2020.09.19,충남,467
2020.09.19,전북,115
2020.09.19,전남,167
2020.09.19,경북,1506
2020.09.19,경남,282
2020.09.19,제주,58
2020.09.20,서울,4972
2020.09.20,부산,377
2020.09.20,대구,7124
2020.09.20,인천,879
2020.09.20,광주,485
2020.09.20,대전,354
2020.09.20,울산,142
2020.09.20,세종,70
2020.09.20,경기,4156
2020.09.20,강원,217
2020.09.20,충북,156
2020.09.20,충남,468
2020.09.20,전북,115
2020.09.20,전남,167
2020.09.20,경북,1511
2020.09.20,경남,283
2020.09.20,제주,58
2020.09.21,서울,4995
2020.09.21,부산,385
2020.09.21,대구,7125
2020.09.21,인천,881
2020.09.21,광주,486
2020.09.21,대전,356
2020.09.21,울산,142
2020.09.21,세종,70
2020.09.21,경기,4174
2020.09.21,강원,217
2020.09.21,충북,158
2020.09.21,충남,468
2020.09.21,전북,115
2020.09.21,전남,167
2020.09.21,경북,1512
2020.09.21,경남,285
2020.09.21,제주,58
2020.09.22,서울,5016
2020.09.22,부산,390
2020.09.22,대구,7125
2020.09.22,인천,883
2020.09.22,광주,486
2020.09.22,대전,356
2020.09.22,울산,143
2020.09.22,세종,71
2020.09.22,경기,4194
2020.09.22,강원,219
2020.09.22,충북,160
2020.09.22,충남,468
2020.09.22,전북,115
2020.09.22,전남,167
2020.09.22,경북,1516
2020.09.22,경남,286
2020.09.22,제주,58
2020.09.23,서울,5056
2020.09.23,부산,397
2020.09.23,대구,7128
2020.09.23,인천,888
2020.09.23,광주,488
2020.09.23,대전,356
2020.09.23,울산,145
2020.09.23,세종,71
2020.09.23,경기,4224
2020.09.23,강원,220
2020.09.23,충북,162
2020.09.23,충남,473
2020.09.23,전북,116
2020.09.23,전남,167
2020.09.23,경북,1522
2020.09.23,경남,286
2020.09.23,제주,58
2020.09.24,서울,5095
2020.09.24,부산,404
2020.09.24,대구,7129
2020.09.24,인천,898
2020.09.24,광주,488
2020.09.24,대전,357
2020.09.24,울산,145
2020.09.24,세종,74
2020.09.24,경기,4272
2020.09.24,강원,222
2020.09.24,충북,164
2020.09.24,충남,474
2020.09.24,전북,117
2020.09.24,전남,168
2020.09.24,경북,1524
2020.09.24,경남,287
2020.09.24,제주,59
2020.09.25,서울,5152
2020.09.25,부산,407
2020.09.25,대구,7129
2020.09.25,인천,901
2020.09.25,광주,490
2020.09.25,대전,357
2020.09.25,울산,145
2020.09.25,세종,75
2020.09.25,경기,4299
2020.09.25,강원,223
2020.09.25,충북,167
2020.09.25,충남,475
2020.09.25,전북,120
2020.09.25,전남,168
2020.09.25,경북,1530
2020.09.25,경남,288
2020.09.25,제주,59
2020.09.26,서울,5178
2020.09.26,부산,409
2020.09.26,대구,7130
2020.09.26,인천,902
2020.09.26,광주,490
2020.09.26,대전,358
2020.09.26,울산,145
2020.09.26,세종,75
2020.09.26,경기,4313
2020.09.26,강원,223
2020.09.26,충북,167
2020.09.26,충남,475
2020.09.26,전북,123
2020.09.26,전남,168
2020.09.26,경북,1533
2020.09.26,경남,289
2020.09.26,제주,59
2020.09.27,서울,5212
2020.09.27,부산,412
2020.09.27,대구,7130
2020.09.27,인천,911
2020.09.27,광주,492
2020.09.27,대전,358
2020.09.27,울산,145
2020.09.27,세종,76
2020.09.27,경기,4334
2020.09.27,강원,223
2020.09.27,충북,169
2020.09.27,충남,477
2020.09.27,전북,125
2020.09.27,전남,169
2020.09.27,경북,1539
2020.09.27,경남,290
2020.09.27,제주,59
2020.09.28,서울,5231
2020.09.28,부산,413
2020.09.28,대구,7130
2020.09.28,인천,912
2020.09.28,광주,492
2020.09.28,대전,358
2020.09.28,울산,146
2020.09.28,세종,76
2020.09.28,경기,4348
2020.09.28,강원,224
2020.09.28,충북,170
2020.09.28,충남,477
2020.09.28,전북,125
2020.09.28,전남,169
2020.09.28,경북,1543
2020.09.28,경남,291
2020.09.28,제주,59
2020.09.29,서울,5242
2020.09.29,부산,416
2020.09.29,대구,7130
2020.09.29,인천,912
2020.09.29,광주,492
2020.09.29,대전,358
2020.09.29,울산,146
2020.09.29,세종,76
2020.09.29,경기,4358
2020.09.29,강원,224
2020.09.29,충북,171
2020.09.29,충남,479
2020.09.29,전북,125
2020.09.29,전남,169
2020.09.29,경북,1545
2020.09.29,경남,291
2020.09.29,제주,59
2020.09.30,서울,5293
2020.09.30,부산,421
2020.09.30,대구,7132
2020.09.30,인천,916
2020.09.30,광주,495
2020.09.30,대전,360
2020.09.30,울산,147
2020.09.30,세종,76
2020.09.30,경기,4384
2020.09.30,강원,224
2020.09.30,충북,171
2020.09.30,충남,484
2020.09.30,전북,128
2020.09.30,전남,169
2020.09.30,경북,1551
2020.09.30,경남,291
2020.09.30,제주,59
2020.10.01,서울,5323
2020.10.01,부산,427
2020.10.01,대구,7133
2020.10.01,인천,919
2020.10.01,광주,495
2020.10.01,대전,360
2020.10.01,울산,147
2020.10.01,세종,76
2020.10.01,경기,4405
2020.10.01,강원,224
2020.10.01,충북,172
2020.10.01,충남,487
2020.10.01,전북,128
2020.10.01,전남,170
2020.10.01,경북,1556
2020.10.01,경남,291
2020.10.01,제주,59
2020.10.02,서울,5334
2020.10.02,부산,445
2020.10.02,대구,7133
2020.10.02,인천,923
2020.10.02,광주,495
2020.10.02,대전,360
2020.10.02,울산,147
2020.10.02,세종,76
2020.10.02,경기,4424
2020.10.02,강원,224
2020.10.02,충북,172
2020.10.02,충남,488
2020.10.02,전북,128
2020.10.02,전남,170
2020.10.02,경북,1560
2020.10.02,경남,291
2020.10.02,제주,59
2020.10.03,서울,5360
2020.10.03,부산,453
2020.10.03,대구,7133
2020.10.03,인천,930
2020.10.03,광주,495
2020.10.03,대전,362
2020.10.03,울산,147
2020.10.03,세종,76
2020.10.03,경기,4434
2020.10.03,강원,224
2020.10.03,충북,173
2020.10.03,충남,489
2020.10.03,전북,129
2020.10.03,전남,173
2020.10.03,경북,1562
2020.10.03,경남,291
2020.10.03,제주,59
2020.10.04,서울,5376
2020.10.04,부산,458
2020.10.04,대구,7135
2020.10.04,인천,936
2020.10.04,광주,496
2020.10.04,대전,364
2020.10.04,울산,148
2020.10.04,세종,76
2020.10.04,경기,4450
2020.10.04,강원,224
2020.10.04,충북,175
2020.10.04,충남,489
2020.10.04,전북,129
2020.10.04,전남,173
2020.10.04,경북,1566
2020.10.04,경남,291
2020.10.04,제주,59
2020.10.05,서울,5395
2020.10.05,부산,463
2020.10.05,대구,7136
2020.10.05,인천,941
2020.10.05,광주,496
2020.10.05,대전,365
2020.10.05,울산,152
2020.10.05,세종,77
2020.10.05,경기,4477
2020.10.05,강원,224
2020.10.05,충북,176
2020.10.05,충남,491
2020.10.05,전북,132
2020.10.05,전남,173
2020.10.05,경북,1567
2020.10.05,경남,292
2020.10.05,제주,59
2020.10.06,서울,5410
2020.10.06,부산,466
2020.10.06,대구,7136
2020.10.06,인천,945
2020.10.06,광주,496
2020.10.06,대전,368
2020.10.06,울산,153
2020.10.06,세종,77
2020.10.06,경기,4512
2020.10.06,강원,224
2020.10.06,충북,176
2020.10.06,충남,491
2020.10.06,전북,141
2020.10.06,전남,173
2020.10.06,경북,1567
2020.10.06,경남,292
2020.10.06,제주,59
2020.10.07,서울,5443
2020.10.07,부산,468
2020.10.07,대구,7137
2020.10.07,인천,951
2020.10.07,광주,496
2020.10.07,대전,370
2020.10.07,울산,154
2020.10.07,세종,78
2020.10.07,경기,4565
2020.10.07,강원,224
2020.10.07,충북,176
2020.10.07,충남,491
2020.10.07,전북,149
2020.10.07,전남,173
2020.10.07,경북,1567
2020.10.07,경남,292
2020.10.07,제주,59
2020.10.08,서울,5463
2020.10.08,부산,473
2020.10.08,대구,7137
2020.10.08,인천,956
2020.10.08,광주,496
2020.10.08,대전,377
2020.10.08,울산,154
2020.10.08,세종,78
2020.10.08,경기,4589
2020.10.08,강원,224
2020.10.08,충북,177
2020.10.08,충남,491
2020.10.08,전북,149
2020.10.08,전남,173
2020.10.08,경북,1568
2020.10.08,경남,295
2020.10.08,제주,59
2020.10.09,서울,5485
2020.10.09,부산,478
2020.10.09,대구,7138
2020.10.09,인천,956
2020.10.09,광주,496
2020.10.09,대전,382
2020.10.09,울산,154
2020.10.09,세종,78
2020.10.09,경기,4601
2020.10.09,강원,224
2020.10.09,충북,178
2020.10.09,충남,491
2020.10.09,전북,149
2020.10.09,전남,174
2020.10.09,경북,1568
2020.10.09,경남,296
2020.10.09,제주,59
2020.10.10,서울,5510
2020.10.10,부산,481
2020.10.10,대구,7139
2020.10.10,인천,964
2020.10.10,광주,496
2020.10.10,대전,383
2020.10.10,울산,154
2020.10.10,세종,78
2020.10.10,경기,4625
2020.10.10,강원,224
2020.10.10,충북,178
2020.10.10,충남,494
2020.10.10,전북,149
2020.10.10,전남,176
2020.10.10,경북,1568
2020.10.10,경남,296
2020.10.10,제주,59
2020.10.11,서울,5533
2020.10.11,부산,484
2020.10.11,대구,7140
2020.10.11,인천,965
2020.10.11,광주,496
2020.10.11,대전,385
2020.10.11,울산,155
2020.10.11,세종,78
2020.10.11,경기,4646
2020.10.11,강원,226
2020.10.11,충북,178
2020.10.11,충남,495
2020.10.11,전북,149
2020.10.11,전남,176
2020.10.11,경북,1568
2020.10.11,경남,296
2020.10.11,제주,59
2020.10.12,서울,5564
2020.10.12,부산,488
2020.10.12,대구,7140
2020.10.12,인천,968
2020.10.12,광주,497
2020.10.12,대전,398
2020.10.12,울산,155
2020.10.12,세종,78
2020.10.12,경기,4675
2020.10.12,강원,227
2020.10.12,충북,178
2020.10.12,충남,497
2020.10.12,전북,151
2020.10.12,전남,176
2020.10.12,경북,1569
2020.10.12,경남,297
2020.10.12,제주,59
2020.10.13,서울,5584
2020.10.13,부산,489
2020.10.13,대구,7141
2020.10.13,인천,968
2020.10.13,광주,499
2020.10.13,대전,408
2020.10.13,울산,155
2020.10.13,세종,78
2020.10.13,경기,4713
2020.10.13,강원,231
2020.10.13,충북,179
2020.10.13,충남,499
2020.10.13,전북,152
2020.10.13,전남,176
2020.10.13,경북,1570
2020.10.13,경남,297
2020.10.13,제주,59
2020.10.14,서울,5607
2020.10.14,부산,491
2020.10.14,대구,7141
2020.10.14,인천,976
2020.10.14,광주,499
2020.10.14,대전,412
2020.10.14,울산,156
2020.10.14,세종,78
2020.10.14,경기,4744
2020.10.14,강원,231
2020.10.14,충북,179
2020.10.14,충남,500
2020.10.14,전북,152
2020.10.14,전남,176
2020.10.14,경북,1570
2020.10.14,경남,297
2020.10.14,제주,59
2020.10.15,서울,5632
2020.10.15,부산,546
2020.10.15,대구,7141
2020.10.15,인천,987
2020.10.15,광주,499
2020.10.15,대전,413
2020.10.15,울산,156
2020.10.15,세종,78
2020.10.15,경기,4752
2020.10.15,강원,232
2020.10.15,충북,180
2020.10.15,충남,500
2020.10.15,전북,153
2020.10.15,전남,176
2020.10.15,경북,1571
2020.10.15,경남,297
2020.10.15,제주,59
2020.10.16,서울,5650
2020.10.16,부산,546
2020.10.16,대구,7141
2020.10.16,인천,991
2020.10.16,광주,499
2020.10.16,대전,415
2020.10.16,울산,156
2020.10.16,세종,78
2020.10.16,경기,4769
2020.10.16,강원,232
2020.10.16,충북,180
2020.10.16,충남,501
2020.10.16,전북,155
2020.10.16,전남,176
2020.10.16,경북,1571
2020.10.16,경남,297
2020.10.16,제주,59
2020.10.17,서울,5668
2020.10.17,부산,552
2020.10.17,대구,7142
2020.10.17,인천,993
2020.10.17,광주,500
2020.10.17,대전,415
2020.10.17,울산,156
2020.10.17,세종,78
2020.10.17,경기,4801
2020.10.17,강원,235
2020.10.17,충북,180
2020.10.17,충남,503
2020.10.17,전북,155
2020.10.17,전남,177
2020.10.17,경북,1571
2020.10.17,경남,299
2020.10.17,제주,59
2020.10.18,서울,5688
2020.10.18,부산,556
2020.10.18,대구,7142
2020.10.18,인천,994
2020.10.18,광주,500
2020.10.18,대전,416
2020.10.18,울산,156
2020.10.18,세종,78
2020.10.18,경기,4851
2020.10.18,강원,237
2020.10.18,충북,180
2020.10.18,충남,503
2020.10.18,전북,155
2020.10.18,전남,177
2020.10.18,경북,1571
2020.10.18,경남,299
2020.10.18,제주,59
2020.10.19,서울,5702
2020.10.19,부산,571
2020.10.19,대구,7142
2020.10.19,인천,999
2020.10.19,광주,502
2020.10.19,대전,418
2020.10.19,울산,156
2020.10.19,세종,78
2020.10.19,경기,4869
2020.10.19,강원,238
2020.10.19,충북,181
2020.10.19,충남,505
2020.10.19,전북,156
2020.10.19,전남,177
2020.10.19,경북,1573
2020.10.19,경남,300
2020.10.19,제주,59
2020.10.20,서울,5713
2020.10.20,부산,573
2020.10.20,대구,7142
2020.10.20,인천,1002
2020.10.20,광주,502
2020.10.20,대전,419
2020.10.20,울산,156
2020.10.20,세종,78
2020.10.20,경기,4897
2020.10.20,강원,241
2020.10.20,충북,183
2020.10.20,충남,507
2020.10.20,전북,156
2020.10.20,전남,177
2020.10.20,경북,1575
2020.10.20,경남,301
2020.10.20,제주,59
2020.10.21,서울,5730
2020.10.21,부산,583
2020.10.21,대구,7142
2020.10.21,인천,1008
2020.10.21,광주,503
2020.10.21,대전,423
2020.10.21,울산,157
2020.10.21,세종,78
2020.10.21,경기,4921
2020.10.21,강원,243
2020.10.21,충북,184
2020.10.21,충남,507
2020.10.21,전북,156
2020.10.21,전남,178
2020.10.21,경북,1577
2020.10.21,경남,301
2020.10.21,제주,59
2020.10.22,서울,5748
2020.10.22,부산,588
2020.10.22,대구,7144
2020.10.22,인천,1012
2020.10.22,광주,503
2020.10.22,대전,423
2020.10.22,울산,157
2020.10.22,세종,78
2020.10.22,경기,4988
2020.10.22,강원,245
2020.10.22,충북,184
2020.10.22,충남,518
2020.10.22,전북,158
2020.10.22,전남,178
2020.10.22,경북,1578
2020.10.22,경남,301
2020.10.22,제주,59
2020.10.23,서울,5768
2020.10.23,부산,588
2020.10.23,대구,7149
2020.10.23,인천,1017
2020.10.23,광주,509
2020.10.23,대전,423
2020.10.23,울산,157
2020.10.23,세종,78
2020.10.23,경기,5091
2020.10.23,강원,246
2020.10.23,충북,184
2020.10.23,충남,522
2020.10.23,전북,160
2020.10.23,전남,179
2020.10.23,경북,1578
2020.10.23,경남,301
2020.10.23,제주,59
2020.10.24,서울,5790
2020.10.24,부산,588
2020.10.24,대구,7149
2020.10.24,인천,1019
2020.10.24,광주,509
2020.10.24,대전,428
2020.10.24,울산,157
2020.10.24,세종,78
2020.10.24,경기,5126
2020.10.24,강원,246
2020.10.24,충북,184
2020.10.24,충남,527
2020.10.24,전북,160
2020.10.24,전남,181
2020.10.24,경북,1578
2020.10.24,경남,301
2020.10.24,제주,59
2020.10.25,서울,5807
2020.10.25,부산,589
2020.10.25,대구,7150
2020.10.25,인천,1019
2020.10.25,광주,509
2020.10.25,대전,429
2020.10.25,울산,158
2020.10.25,세종,78
2020.10.25,경기,5153
2020.10.25,강원,246
2020.10.25,충북,184
2020.10.25,충남,529
2020.10.25,전북,160
2020.10.25,전남,181
2020.10.25,경북,1578
2020.10.25,경남,303
2020.10.25,제주,59
2020.10.26,서울,5827
2020.10.26,부산,589
2020.10.26,대구,7150
2020.10.26,인천,1022
2020.10.26,광주,509
2020.10.26,대전,430
2020.10.26,울산,159
2020.10.26,세종,79
2020.10.26,경기,5220
2020.10.26,강원,246
2020.10.26,충북,186
2020.10.26,충남,530
2020.10.26,전북,160
2020.10.26,전남,181
2020.10.26,경북,1581
2020.10.26,경남,306
2020.10.26,제주,59
2020.10.27,서울,5851
2020.10.27,부산,590
2020.10.27,대구,7150
2020.10.27,인천,1024
2020.10.27,광주,509
2020.10.27,대전,435
2020.10.27,울산,159
2020.10.27,세종,79
2020.10.27,경기,5255
2020.10.27,강원,252
2020.10.27,충북,187
2020.10.27,충남,531
2020.10.27,전북,160
2020.10.27,전남,184
2020.10.27,경북,1581
2020.10.27,경남,311
2020.10.27,제주,59
2020.10.28,서울,5876
2020.10.28,부산,590
2020.10.28,대구,7152
2020.10.28,인천,1034
2020.10.28,광주,509
2020.10.28,대전,442
2020.10.28,울산,159
2020.10.28,세종,79
2020.10.28,경기,5286
2020.10.28,강원,266
2020.10.28,충북,187
2020.10.28,충남,532
2020.10.28,전북,163
2020.10.28,전남,184
2020.10.28,경북,1586
2020.10.28,경남,314
2020.10.28,제주,59
2020.10.29,서울,5912
2020.10.29,부산,590
2020.10.29,대구,7155
2020.10.29,인천,1039
2020.10.29,광주,511
2020.10.29,대전,442
2020.10.29,울산,161
2020.10.29,세종,79
2020.10.29,경기,5344
2020.10.29,강원,273
2020.10.29,충북,187
2020.10.29,충남,533
2020.10.29,전북,164
2020.10.29,전남,184
2020.10.29,경북,1587
2020.10.29,경남,314
2020.10.29,제주,59
2020.10.30,서울,5960
2020.10.30,부산,590
2020.10.30,대구,7165
2020.10.30,인천,1042
2020.10.30,광주,511
2020.10.30,대전,442
2020.10.30,울산,163
2020.10.30,세종,79
2020.10.30,경기,5376
2020.10.30,강원,279
2020.10.30,충북,189
2020.10.30,충남,536
2020.10.30,전북,166
2020.10.30,전남,185
2020.10.30,경북,1587
2020.10.30,경남,315
2020.10.30,제주,59
2020.10.31,서울,6011
2020.10.31,부산,592
2020.10.31,대구,7174
2020.10.31,인천,1045
2020.10.31,광주,511
2020.10.31,대전,442
2020.10.31,울산,163
2020.10.31,세종,82
2020.10.31,경기,5403
2020.10.31,강원,279
2020.10.31,충북,189
2020.10.31,충남,541
2020.10.31,전북,166
2020.10.31,전남,185
2020.10.31,경북,1587
2020.10.31,경남,316
2020.10.31,제주,59
2020.11.01,서울,6056
2020.11.01,부산,592
2020.11.01,대구,7176
2020.11.01,인천,1049
2020.11.01,광주,514
2020.11.01,대전,442
2020.11.01,울산,163
2020.11.01,세종,82
2020.11.01,경기,5441
2020.11.01,강원,282
2020.11.01,충북,190
2020.11.01,충남,550
2020.11.01,전북,166
2020.11.01,전남,188
2020.11.01,경북,1587
2020.11.01,경남,318
2020.11.01,제주,59
2020.11.02,서울,6081
2020.11.02,부산,592
2020.11.02,대구,7179
2020.11.02,인천,1051
2020.11.02,광주,514
2020.11.02,대전,442
2020.11.02,울산,164
2020.11.02,세종,82
2020.11.02,경기,5482
2020.11.02,강원,283
2020.11.02,충북,192
2020.11.02,충남,561
2020.11.02,전북,166
2020.11.02,전남,190
2020.11.02,경북,1588
2020.11.02,경남,319
2020.11.02,제주,59
2020.11.03,서울,6103
2020.11.03,부산,593
2020.11.03,대구,7179
2020.11.03,인천,1052
2020.11.03,광주,516
2020.11.03,대전,442
2020.11.03,울산,164
2020.11.03,세종,82
2020.11.03,경기,5509
2020.11.03,강원,284
2020.11.03,충북,193
2020.11.03,충남,568
2020.11.03,전북,166
2020.11.03,전남,190
2020.11.03,경북,1588
2020.11.03,경남,320
2020.11.03,제주,59
2020.11.04,서울,6145
2020.11.04,부산,594
2020.11.04,대구,7181
2020.11.04,인천,1056
2020.11.04,광주,516
2020.11.04,대전,443
2020.11.04,울산,165
2020.11.04,세종,82
2020.11.04,경기,5552
2020.11.04,강원,284
2020.11.04,충북,193
2020.11.04,충남,578
2020.11.04,전북,166
2020.11.04,전남,190
2020.11.04,경북,1590
2020.11.04,경남,320
2020.11.04,제주,60
2020.11.05,서울,6195
2020.11.05,부산,598
2020.11.05,대구,7183
2020.11.05,인천,1061
2020.11.05,광주,516
2020.11.05,대전,443
2020.11.05,울산,165
2020.11.05,세종,82
2020.11.05,경기,5579
2020.11.05,강원,285
2020.11.05,충북,195
2020.11.05,충남,601
2020.11.05,전북,166
2020.11.05,전남,190
2020.11.05,경북,1590
2020.11.05,경남,325
2020.11.05,제주,60
2020.11.06,서울,6235
2020.11.06,부산,598
2020.11.06,대구,7183
2020.11.06,인천,1061
2020.11.06,광주,516
2020.11.06,대전,443
2020.11.06,울산,165
2020.11.06,세종,82
2020.11.06,경기,5626
2020.11.06,강원,292
2020.11.06,충북,195
2020.11.06,충남,626
2020.11.06,전북,167
2020.11.06,전남,190
2020.11.06,경북,1591
2020.11.06,경남,338
2020.11.06,제주,60
2020.11.07,서울,6272
2020.11.07,부산,600
2020.11.07,대구,7184
2020.11.07,인천,1062
2020.11.07,광주,516
2020.11.07,대전,444
2020.11.07,울산,165
2020.11.07,세종,82
2020.11.07,경기,5647
2020.11.07,강원,296
2020.11.07,충북,195
2020.11.07,충남,635
2020.11.07,전북,167
2020.11.07,전남,190
2020.11.07,경북,1591
2020.11.07,경남,343
2020.11.07,제주,60
2020.11.08,서울,6326
2020.11.08,부산,600
2020.11.08,대구,7191
2020.11.08,인천,1065
2020.11.08,광주,518
2020.11.08,대전,445
2020.11.08,울산,166
2020.11.08,세종,82
2020.11.08,경기,5672
2020.11.08,강원,305
2020.11.08,충북,197
2020.11.08,충남,644
2020.11.08,전북,167
2020.11.08,전남,194
2020.11.08,경북,1593
2020.11.08,경남,353
2020.11.08,제주,60
2020.11.09,서울,6372
2020.11.09,부산,602
2020.11.09,대구,7197
2020.11.09,인천,1067
2020.11.09,광주,519
2020.11.09,대전,445
2020.11.09,울산,166
2020.11.09,세종,82
2020.11.09,경기,5694
2020.11.09,강원,316
2020.11.09,충북,201
2020.11.09,충남,654
2020.11.09,전북,171
2020.11.09,전남,196
2020.11.09,경북,1594
2020.11.09,경남,357
2020.11.09,제주,60
2020.11.10,서울,6407
2020.11.10,부산,603
2020.11.10,대구,7198
2020.11.10,인천,1070
2020.11.10,광주,524
2020.11.10,대전,445
2020.11.10,울산,166
2020.11.10,세종,82
2020.11.10,경기,5727
2020.11.10,강원,319
2020.11.10,충북,203
2020.11.10,충남,658
2020.11.10,전북,171
2020.11.10,전남,198
2020.11.10,경북,1595
2020.11.10,경남,359
2020.11.10,제주,60
2020.11.11,서울,6452
2020.11.11,부산,606
2020.11.11,대구,7198
2020.11.11,인천,1071
2020.11.11,광주,528
2020.11.11,대전,446
2020.11.11,울산,166
2020.11.11,세종,82
2020.11.11,경기,5780
2020.11.11,강원,328
2020.11.11,충북,205
2020.11.11,충남,665
2020.11.11,전북,172
2020.11.11,전남,199
2020.11.11,경북,1595
2020.11.11,경남,370
2020.11.11,제주,60
2020.11.12,서울,6505
2020.11.12,부산,608
2020.11.12,대구,7201
2020.11.12,인천,1073
2020.11.12,광주,534
2020.11.12,대전,448
2020.11.12,울산,167
2020.11.12,세종,82
2020.11.12,경기,5815
2020.11.12,강원,334
2020.11.12,충북,206
2020.11.12,충남,674
2020.11.12,전북,172
2020.11.12,전남,207
2020.11.12,경북,1596
2020.11.12,경남,374
2020.11.12,제주,61
2020.11.13,서울,6579
2020.11.13,부산,608
2020.11.13,대구,7202
2020.11.13,인천,1077
2020.11.13,광주,539
2020.11.13,대전,448
2020.11.13,울산,167
2020.11.13,세종,83
2020.11.13,경기,5862
2020.11.13,강원,357
2020.11.13,충북,207
2020.11.13,충남,682
2020.11.13,전북,172
2020.11.13,전남,216
2020.11.13,경북,1596
2020.11.13,경남,377
2020.11.13,제주,62
2020.11.14,서울,6648
2020.11.14,부산,612
2020.11.14,대구,7202
2020.11.14,인천,1078
2020.11.14,광주,547
2020.11.14,대전,450
2020.11.14,울산,167
2020.11.14,세종,84
2020.11.14,경기,5911
2020.11.14,강원,375
2020.11.14,충북,207
2020.11.14,충남,693
2020.11.14,전북,176
2020.11.14,전남,229
2020.11.14,경북,1596
2020.11.14,경남,381
2020.11.14,제주,62
2020.11.15,서울,6733
2020.11.15,부산,612
2020.11.15,대구,7203
2020.11.15,인천,1080
2020.11.15,광주,556
2020.11.15,대전,450
2020.11.15,울산,167
2020.11.15,세종,84
2020.11.15,경기,5956
2020.11.15,강원,394
2020.11.15,충북,215
2020.11.15,충남,698
2020.11.15,전북,178
2020.11.15,전남,238
2020.11.15,경북,1598
2020.11.15,경남,384
2020.11.15,제주,62
2020.11.16,서울,6814
2020.11.16,부산,612
2020.11.16,대구,7203
2020.11.16,인천,1090
2020.11.16,광주,560
2020.11.16,대전,453
2020.11.16,울산,167
2020.11.16,세종,85
2020.11.16,경기,5998
2020.11.16,강원,414
2020.11.16,충북,218
2020.11.16,충남,704
2020.11.16,전북,179
2020.11.16,전남,248
2020.11.16,경북,1612
2020.11.16,경남,388
2020.11.16,제주,63
2020.11.17,서울,6903
2020.11.17,부산,612
2020.11.17,대구,7206
2020.11.17,인천,1103
2020.11.17,광주,578
2020.11.17,대전,454
2020.11.17,울산,167
2020.11.17,세종,86
2020.11.17,경기,6050
2020.11.17,강원,427
2020.11.17,충북,218
2020.11.17,충남,713
2020.11.17,전북,179
2020.11.17,전남,264
2020.11.17,경북,1615
2020.11.17,경남,391
2020.11.17,제주,63
2020.11.18,서울,6995
2020.11.18,부산,617
2020.11.18,대구,7208
2020.11.18,인천,1115
2020.11.18,광주,587
2020.11.18,대전,455
2020.11.18,울산,170
2020.11.18,세종,86
2020.11.18,경기,6137
2020.11.18,강원,432
2020.11.18,충북,218
2020.11.18,충남,720
2020.11.18,전북,179
2020.11.18,전남,279
2020.11.18,경북,1631
2020.11.18,경남,400
2020.11.18,제주,63
2020.11.19,서울,7104
2020.11.19,부산,622
2020.11.19,대구,7210
2020.11.19,인천,1127
2020.11.19,광주,595
2020.11.19,대전,456
2020.11.19,울산,170
2020.11.19,세종,86
2020.11.19,경기,6201
2020.11.19,강원,452
2020.11.19,충북,222
2020.11.19,충남,733
2020.11.19,전북,181
2020.11.19,전남,307
2020.11.19,경북,1639
2020.11.19,경남,428
2020.11.19,제주,63
2020.11.20,서울,7236
2020.11.20,부산,624
2020.11.20,대구,7211
2020.11.20,인천,1157
2020.11.20,광주,599
2020.11.20,대전,456
2020.11.20,울산,170
2020.11.20,세종,86
2020.11.20,경기,6274
2020.11.20,강원,476
2020.11.20,충북,224
2020.11.20,충남,748
2020.11.20,전북,194
2020.11.20,전남,321
2020.11.20,경북,1649
2020.11.20,경남,446
2020.11.20,제주,65
2020.11.21,서울,7392
2020.11.21,부산,631
2020.11.21,대구,7212
2020.11.21,인천,1179
2020.11.21,광주,606
2020.11.21,대전,457
2020.11.21,울산,171
2020.11.21,세종,86
2020.11.21,경기,6367
2020.11.21,강원,491
2020.11.21,충북,225
2020.11.21,충남,769
2020.11.21,전북,208
2020.11.21,전남,340
2020.11.21,경북,1657
2020.11.21,경남,457
2020.11.21,제주,65
2020.11.22,서울,7513
2020.11.22,부산,632
2020.11.22,대구,7213
2020.11.22,인천,1206
2020.11.22,광주,614
2020.11.22,대전,457
2020.11.22,울산,172
2020.11.22,세종,86
2020.11.22,경기,6442
2020.11.22,강원,504
2020.11.22,충북,225
2020.11.22,충남,782
2020.11.22,전북,220
2020.11.22,전남,353
2020.11.22,경북,1663
2020.11.22,경남,476
2020.11.22,제주,65
2020.11.23,서울,7625
2020.11.23,부산,637
2020.11.23,대구,7215
2020.11.23,인천,1229
2020.11.23,광주,615
2020.11.23,대전,460
2020.11.23,울산,173
2020.11.23,세종,87
2020.11.23,경기,6518
2020.11.23,강원,516
2020.11.23,충북,225
2020.11.23,충남,791
2020.11.23,전북,229
2020.11.23,전남,358
2020.11.23,경북,1667
2020.11.23,경남,478
2020.11.23,제주,66
2020.11.24,서울,7758
2020.11.24,부산,643
2020.11.24,대구,7218
2020.11.24,인천,1246
2020.11.24,광주,618
2020.11.24,대전,460
2020.11.24,울산,175
2020.11.24,세종,89
2020.11.24,경기,6599
2020.11.24,강원,562
2020.11.24,충북,228
2020.11.24,충남,799
2020.11.24,전북,244
2020.11.24,전남,365
2020.11.24,경북,1676
2020.11.24,경남,481
2020.11.24,제주,67
2020.11.25,서울,7900
2020.11.25,부산,661
2020.11.25,대구,7223
2020.11.25,인천,1286
2020.11.25,광주,632
2020.11.25,대전,464
2020.11.25,울산,178
2020.11.25,세종,89
2020.11.25,경기,6681
2020.11.25,강원,575
2020.11.25,충북,231
2020.11.25,충남,817
2020.11.25,전북,252
2020.11.25,전남,373
2020.11.25,경북,1679
2020.11.25,경남,492
2020.11.25,제주,70
2020.11.26,서울,8113
2020.11.26,부산,683
2020.11.26,대구,7224
2020.11.26,인천,1305
2020.11.26,광주,646
2020.11.26,대전,465
2020.11.26,울산,185
2020.11.26,세종,93
2020.11.26,경기,6864
2020.11.26,강원,583
2020.11.26,충북,239
2020.11.26,충남,833
2020.11.26,전북,268
2020.11.26,전남,382
2020.11.26,경북,1681
2020.11.26,경남,537
2020.11.26,제주,73
2020.11.27,서울,8317
2020.11.27,부산,707
2020.11.27,대구,7224
2020.11.27,인천,1330
2020.11.27,광주,659
2020.11.27,대전,470
2020.11.27,울산,192
2020.11.27,세종,96
2020.11.27,경기,6981
2020.11.27,강원,592
2020.11.27,충북,259
2020.11.27,충남,864
2020.11.27,전북,292
2020.11.27,전남,393
2020.11.27,경북,1684
2020.11.27,경남,576
2020.11.27,제주,76
2020.11.28,서울,8494
2020.11.28,부산,735
2020.11.28,대구,7225
2020.11.28,인천,1354
2020.11.28,광주,675
2020.11.28,대전,483
2020.11.28,울산,195
2020.11.28,세종,96
2020.11.28,경기,7107
2020.11.28,강원,625
2020.11.28,충북,283
2020.11.28,충남,881
2020.11.28,전북,301
2020.11.28,전남,400
2020.11.28,경북,1689
2020.11.28,경남,590
2020.11.28,제주,78
2020.11.29,서울,8644
2020.11.29,부산,757
2020.11.29,대구,7228
2020.11.29,인천,1376
2020.11.29,광주,683
2020.11.29,대전,489
2020.11.29,울산,195
2020.11.29,세종,99
2020.11.29,경기,7207
2020.11.29,강원,644
2020.11.29,충북,306
2020.11.29,충남,894
2020.11.29,전북,318
2020.11.29,전남,419
2020.11.29,경북,1700
2020.11.29,경남,605
2020.11.29,제주,79
2020.11.30,서울,8811
2020.11.30,부산,809
2020.11.30,대구,7232
2020.11.30,인천,1409
2020.11.30,광주,696
2020.11.30,대전,494
2020.11.30,울산,198
2020.11.30,세종,100
2020.11.30,경기,7277
2020.11.30,강원,652
2020.11.30,충북,327
2020.11.30,충남,899
2020.11.30,전북,334
2020.11.30,전남,424
2020.11.30,경북,1704
2020.11.30,경남,625
2020.11.30,제주,80
